registration,date,odometer,litres,trip_distance,depot,price_per_litre,asset_type,source_note
12 RL ZN,2026-01-12,161930,171.0,,DBN,,truck,
12 RL ZN,2026-01-19,162649,176.0,,DBN,,truck,
12 RL ZN,2026-01-23,163465,179.0,,DBN,,truck,
42 XY ZN,2026-01-05,218046,138.0,,DBN,,truck,
42 XY ZN,2026-01-12,218479,80.0,,DBN,,truck,
42 XY ZN,2026-01-19,219084,114.0,,DBN,,truck,
42 XY ZN,2026-01-22,219566,92.0,,DBN,,truck,
42 XY ZN,2026-01-23,220426,132.0,,DBN,,truck,
42 XY ZN,2026-02-09,221380,87.0,,DBN,,truck,
42 XY ZN,2026-02-16,221764,76.0,,DBN,,truck,
42 XY ZN,2026-02-20,222430,114.0,,DBN,,truck,
42 XY ZN,2026-02-26,222933,93.0,,DBN,,truck,
42 XY ZN,2026-03-02,223516,108.0,,DBN,,truck,
42 XY ZN,2026-03-04,224227,141.0,,DBN,,truck,
42 XY ZN,2026-03-05,224455,33.0,,DBN,,truck,
42 XY ZN,2026-03-06,225248,142.0,,DBN,,truck,
42 XY ZN,2026-03-12,225987,132.0,,DBN,,truck,
42 XY ZN,2026-03-16,226178,38.0,,DBN,,truck,
42 XY ZN,2026-03-23,226708,96.0,,DBN,,truck,
42 XY ZN,2026-03-25,227143,63.0,,DBN,,truck,
42 XY ZN,2026-03-26,227378,43.0,,DBN,,truck,
42 XY ZN,2026-04-01,227667,55.0,,DBN,,truck,
42 XY ZN,2026-04-07,228206,100.0,,DBN,,truck,
42 XY ZN,2026-04-08,228437,46.0,,DBN,,truck,
42 XY ZN,2026-04-09,228900,75.0,,DBN,,truck,
42 XY ZN,2026-04-13,229464,87.0,,DBN,,truck,
42 XY ZN,2026-04-20,230499,104.0,,DBN,,truck,
42 XY ZN,2026-04-21,230611,23.0,,DBN,,truck,
42 XY ZN,2026-04-23,231287,105.0,,DBN,,truck,
42 XY ZN,2026-04-30,231723,84.0,,DBN,,truck,
42 XY ZN,2026-05-05,232501,134.0,,DBN,,truck,
42 XY ZN,2026-05-07,232698,37.0,,DBN,,truck,
42 XY ZN,2026-05-11,233141,70.0,,DBN,,truck,
42 XY ZN,2026-05-20,233697,96.0,,DBN,,truck,
42 XY ZN,2026-05-26,234082,66.0,,DBN,,truck,
42 XY ZN,2026-06-04,234768,131.0,,DBN,,truck,
42 XY ZN,2026-06-08,234936,31.0,,DBN,,truck,
74 PD ZN,2026-01-19,664839,214.0,,DBN,,truck,
74 PD ZN,2026-01-23,665006,48.0,,DBN,,truck,
74 PD ZN,2026-02-02,666019,234.0,,DBN,,truck,
74 PD ZN,2026-02-09,666545,136.0,,DBN,,truck,
74 PD ZN,2026-02-16,666947,101.0,,DBN,,truck,
74 PD ZN,2026-03-16,667300,106.0,,DBN,,truck,
74 PD ZN,2026-03-23,667300,216.0,,DBN,,truck,
74 PD ZN,2026-03-25,667300,70.0,,DBN,,truck,
74 PD ZN,2026-03-26,667300,37.0,,DBN,,truck,
74 PD ZN,2026-04-07,667599,83.0,,DBN,,truck,
74 PD ZN,2026-04-14,668686,261.0,,DBN,,truck,
74 PD ZN,2026-04-16,668801,39.0,,DBN,,truck,
74 PD ZN,2026-04-23,669249,109.0,,DBN,,truck,
74 PD ZN,2026-05-11,669830,161.0,,DBN,,truck,
74 PD ZN,2026-05-26,670830,240.0,,DBN,,truck,
74 PD ZN,2026-06-08,671689,217.0,,DBN,,truck,
BAOLI 3T NO 10,2025-12-29,,41.6,,JHB,,forklift,
BAOLI 3T NO 10,2026-01-07,,39.3,,JHB,18.3723,forklift,
BAOLI 3T NO 10,2026-01-15,,44.1,,JHB,18.3723,forklift,
BAOLI 3T NO 10,2026-01-26,,39.6,,JHB,18.3723,forklift,
BAOLI 3T NO 10,2026-02-02,,40.7,,JHB,17.8023,forklift,
BAOLI 3T NO 10,2026-02-19,,42.9,,JHB,17.8023,forklift,
BAOLI 3T NO 10,2026-02-27,,39.2,,JHB,17.8023,forklift,
BAOLI 3T NO 10,2026-03-06,,47.9,,JHB,18.4523,forklift,
BAOLI 3T NO 10,2026-03-16,,40.0,,JHB,18.4523,forklift,
BAOLI 3T NO 10,2026-03-24,,43.1,,JHB,18.4523,forklift,
BAOLI 3T NO 10,2026-03-30,,47.4,,JHB,18.4523,forklift,
BAOLI 3T NO 10,2026-04-08,,44.3,,JHB,25.9623,forklift,
BAOLI 3T NO 10,2026-04-15,,39.6,,JHB,25.9623,forklift,
BAOLI 3T NO 10,2026-04-23,,42.7,,JHB,25.9623,forklift,
BAOLI 3T NO 10,2026-05-06,,46.8,,JHB,25.9623,forklift,
BAOLI 3T NO 10,2026-05-13,,43.0,,JHB,25.9623,forklift,
BAOLI 3T NO 10,2026-05-21,,41.8,,JHB,25.9623,forklift,
BAOLI 3T NO 10,2026-05-28,,39.2,,JHB,25.9623,forklift,
BAOLI 3T NO 10,2026-06-04,,41.9,,JHB,28.6097,forklift,
BM 40 FJ ZN,2026-01-06,476859,439.0,,LINEHAUL,,truck,
BM 40 FJ ZN,2026-01-08,478119,571.0,,LINEHAUL,,truck,
BM 40 FJ ZN,2026-01-12,479283,489.0,,LINEHAUL,,truck,
BM 40 FJ ZN,2026-01-14,480561,512.0,,LINEHAUL,,truck,
BM 40 FJ ZN,2026-01-16,481818,679.0,,LINEHAUL,,truck,
BM 40 FJ ZN,2026-01-20,483056,498.0,,LINEHAUL,,truck,
BM 40 FJ ZN,2026-01-22,484275,587.0,,LINEHAUL,,truck,
BM 40 FJ ZN,2026-01-26,485719,540.0,,LINEHAUL,,truck,
BM 40 FJ ZN,2026-01-28,486945,538.0,,LINEHAUL,,truck,
BM 40 FJ ZN,2026-01-30,488253,687.0,,LINEHAUL,,truck,
BM 40 FJ ZN,2026-02-03,489437,464.0,,LINEHAUL,,truck,
BM 40 FJ ZN,2026-02-05,490656,638.0,,LINEHAUL,,truck,
BM 40 FJ ZN,2026-02-09,491993,656.0,,LINEHAUL,,truck,
BM 40 FJ ZN,2026-02-11,493208,529.0,,LINEHAUL,,truck,
BM 40 FJ ZN,2026-02-13,494430,571.1,,LINEHAUL,,truck,
BM 40 FJ ZN,2026-02-17,495611,547.0,,LINEHAUL,,truck,
BM 40 FJ ZN,2026-02-19,496825,666.0,,LINEHAUL,,truck,
BM 40 FJ ZN,2026-02-22,497957,512.0,,LINEHAUL,,truck,
BM 40 FJ ZN,2026-02-24,499097,525.0,,LINEHAUL,,truck,
BM 40 FJ ZN,2026-02-26,500366,550.0,,LINEHAUL,,truck,
BM 40 FJ ZN,2026-03-02,501560,457.0,,LINEHAUL,,truck,
BM 40 FJ ZN,2026-03-04,502960,629.0,,LINEHAUL,,truck,
BM 40 FJ ZN,2026-03-05,503825,380.0,,LINEHAUL,,truck,
BM 40 FJ ZN,2026-03-09,505139,639.0,,LINEHAUL,,truck,
BM 40 FJ ZN,2026-03-11,506376,617.0,,LINEHAUL,,truck,
BM 40 FJ ZN,2026-03-16,508389,833.0,,LINEHAUL,,truck,
BM 40 FJ ZN,2026-03-18,509619,659.0,,LINEHAUL,,truck,
BM 40 FJ ZN,2026-03-20,510892,617.0,,LINEHAUL,,truck,
BM 40 FJ ZN,2026-03-24,512079,637.0,,LINEHAUL,,truck,
BM 40 FJ ZN,2026-03-26,513480,613.0,,LINEHAUL,,truck,
BM 40 FJ ZN,2026-03-31,514611,543.0,,LINEHAUL,,truck,
BM 40 FJ ZN,2026-04-02,515871,613.0,,LINEHAUL,,truck,
BM 40 FJ ZN,2026-04-08,517328,658.0,,LINEHAUL,,truck,
BM 40 FJ ZN,2026-04-13,519383,800.0,,LINEHAUL,,truck,
BM 40 FJ ZN,2026-04-15,520797,648.0,,LINEHAUL,,truck,
BM 40 FJ ZN,2026-04-17,521976,622.0,,LINEHAUL,,truck,
BM 40 FJ ZN,2026-04-21,523172,580.0,,LINEHAUL,,truck,
BM 40 FJ ZN,2026-04-23,524478,607.0,,LINEHAUL,,truck,
BM 40 FJ ZN,2026-04-30,525809,599.0,,LINEHAUL,,truck,
BM 40 FJ ZN,2026-05-04,526191,146.0,,LINEHAUL,,truck,
BM 40 FJ ZN,2026-05-07,527508,677.1,,LINEHAUL,,truck,
BM 40 FJ ZN,2026-05-11,528680,542.0,,LINEHAUL,,truck,
BM 40 FJ ZN,2026-05-13,529860,578.0,,LINEHAUL,,truck,
BM 40 FJ ZN,2026-05-15,531146,662.0,,LINEHAUL,,truck,
BM 40 FJ ZN,2026-05-18,531709,315.0,,LINEHAUL,,truck,
BM 40 FJ ZN,2026-05-20,533326,686.0,,LINEHAUL,,truck,
BM 40 FJ ZN,2026-05-25,534670,582.0,,LINEHAUL,,truck,
BM 40 FJ ZN,2026-05-28,536306,769.0,,LINEHAUL,,truck,
BM 40 FJ ZN,2026-06-01,537601,521.0,,LINEHAUL,,truck,
BM 40 FJ ZN,2026-06-03,538738,596.0,,LINEHAUL,,truck,
BM 40 FJ ZN,2026-06-05,539919,653.1,,LINEHAUL,,truck,
BM 40 FJ ZN,2026-06-09,541063,687.0,,LINEHAUL,,truck,
BM 40 FL ZN,2026-01-09,757588,109.0,522,JHB,18.3723,truck,
BM 40 FL ZN,2026-01-15,757886,213.8,298,JHB,18.3723,truck,
BM 40 FL ZN,2026-01-20,758026,57.8,140,JHB,18.3723,truck,
BM 40 FL ZN,2026-01-26,758507,172.0,481,JHB,18.3723,truck,
BM 40 FL ZN,2026-02-02,759105,220.9,598,JHB,17.8023,truck,
BM 40 FL ZN,2026-02-09,759625,219.2,520,JHB,17.8023,truck,
BM 40 FL ZN,2026-02-11,759877,97.8,252,JHB,17.8023,truck,
BM 40 FL ZN,2026-02-17,760130,100.9,253,JHB,17.8023,truck,
BM 40 FL ZN,2026-02-26,760611,111.0,481,JHB,17.8023,truck,
BM 40 FL ZN,2026-02-27,760780,150.4,169,JHB,17.8023,truck,
BM 40 FL ZN,2026-03-05,761367,210.3,587,JHB,18.4523,truck,
BM 40 FL ZN,2026-03-10,761706,144.7,339,JHB,18.4523,truck,
BM 40 FL ZN,2026-03-16,762365,239.5,659,JHB,18.4523,truck,
BM 40 FL ZN,2026-03-20,762779,158.7,414,JHB,18.4523,truck,
BM 40 FL ZN,2026-03-24,762942,61.4,163,JHB,18.4523,truck,
BM 40 FL ZN,2026-03-27,763201,110.6,259,JHB,18.4523,truck,
BM 40 FL ZN,2026-04-07,763381,69.3,180,JHB,25.9623,truck,
BM 40 FL ZN,2026-04-14,763534,81.1,153,JHB,25.9623,truck,
BM 40 FL ZN,2026-04-20,763870,149.7,336,JHB,25.9623,truck,
BM 40 FL ZN,2026-04-24,764089,109.8,219,JHB,25.9623,truck,
BM 40 FL ZN,2026-04-26,764372,105.8,283,JHB,25.9623,truck,
BM 40 FL ZN,2026-04-30,764615,92.1,243,JHB,25.9623,truck,
BM 40 FL ZN,2026-05-07,764951,151.5,336,JHB,25.9623,truck,
BM 40 FL ZN,2026-05-08,765079,47.8,128,JHB,25.9623,truck,
BM 40 FL ZN,2026-05-12,765245,66.7,166,JHB,25.9623,truck,
BM 40 FL ZN,2026-05-20,765709,213.1,464,JHB,25.9623,truck,
BM 40 FL ZN,2026-05-25,766060,129.8,351,JHB,25.9623,truck,
BM 40 FL ZN,2026-05-26,766179,43.3,119,JHB,25.9623,truck,
BM 40 FL ZN,2026-05-27,766512,105.2,333,JHB,25.9623,truck,
BM 40 FL ZN,2026-06-01,766929,185.9,417,JHB,28.6097,truck,
BM 40 FL ZN,2026-06-02,767190,98.1,261,JHB,28.6097,truck,
BM 40 FL ZN,2026-06-03,767524,110.8,334,JHB,28.6097,truck,
BN 98 VH ZN,2026-01-12,117572,131.0,,DBN,,truck,
BN 98 VH ZN,2026-01-19,117694,36.0,,DBN,,truck,
BN 98 VH ZN,2026-01-23,117969,65.0,,DBN,,truck,
BN 98 VH ZN,2026-02-09,118249,90.0,,DBN,,truck,
BN 98 VH ZN,2026-02-16,118351,44.0,,DBN,,truck,
BN 98 VH ZN,2026-02-26,118680,89.0,,DBN,,truck,
BN 98 VH ZN,2026-03-09,118939,67.0,,DBN,,truck,
BN 98 VH ZN,2026-03-16,119080,41.0,,DBN,,truck,
BN 98 VH ZN,2026-03-26,119447,92.0,,DBN,,truck,
BN 98 VH ZN,2026-04-07,119761,80.0,,DBN,,truck,
BN 98 VH ZN,2026-04-16,120038,72.0,,DBN,,truck,
BN 98 VH ZN,2026-04-23,120260,57.0,,DBN,,truck,
BN 98 VH ZN,2026-05-11,120629,54.0,,DBN,,truck,
BN 98 VH ZN,2026-05-26,120989,92.0,,DBN,,truck,
BN 98 VH ZN,2026-06-06,121324,89.0,,DBN,,truck,
BN 98 VH ZN,2026-06-08,121576,45.0,,DBN,,truck,
BN 98 YZ ZN,2025-12-29,180137,61.3,636,JHB,,truck,
BN 98 YZ ZN,2026-01-09,180680,51.4,543,JHB,18.3723,truck,
BN 98 YZ ZN,2026-01-16,181066,41.7,386,JHB,18.3723,truck,
BN 98 YZ ZN,2026-01-22,181622,49.4,556,JHB,18.3723,truck,
BN 98 YZ ZN,2026-01-26,182008,38.5,386,JHB,18.3723,truck,
BN 98 YZ ZN,2026-01-28,182496,42.6,488,JHB,18.3723,truck,
BN 98 YZ ZN,2026-01-30,182961,43.9,465,JHB,18.3723,truck,
BN 98 YZ ZN,2026-02-03,183453,44.7,492,JHB,17.8023,truck,
BN 98 YZ ZN,2026-02-06,184039,52.1,586,JHB,17.8023,truck,
BN 98 YZ ZN,2026-02-10,184429,35.6,390,JHB,17.8023,truck,
BN 98 YZ ZN,2026-02-12,184992,51.9,563,JHB,17.8023,truck,
BN 98 YZ ZN,2026-02-17,185538,48.4,546,JHB,17.8023,truck,
BN 98 YZ ZN,2026-02-19,186051,41.9,513,JHB,17.8023,truck,
BN 98 YZ ZN,2026-02-20,186617,47.7,566,JHB,17.8023,truck,
BN 98 YZ ZN,2026-02-24,186904,26.5,287,JHB,17.8023,truck,
BN 98 YZ ZN,2026-02-27,187427,47.3,523,JHB,17.8023,truck,
BN 98 YZ ZN,2026-03-04,187864,45.2,437,JHB,18.4523,truck,
BN 98 YZ ZN,2026-03-11,188328,43.8,464,JHB,18.4523,truck,
BN 98 YZ ZN,2026-03-13,188754,37.7,426,JHB,18.4523,truck,
BN 98 YZ ZN,2026-03-16,189228,37.6,474,JHB,18.4523,truck,
BN 98 YZ ZN,2026-03-19,189718,43.5,490,JHB,18.4523,truck,
BN 98 YZ ZN,2026-03-20,190108,36.2,390,JHB,18.4523,truck,
BN 98 YZ ZN,2026-03-24,190665,47.8,557,JHB,18.4523,truck,
BN 98 YZ ZN,2026-03-25,190993,27.9,328,JHB,18.4523,truck,
BN 98 YZ ZN,2026-03-26,191561,46.3,568,JHB,18.4523,truck,
BN 98 YZ ZN,2026-03-27,192247,53.1,686,JHB,18.4523,truck,
BN 98 YZ ZN,2026-03-30,192526,20.7,279,JHB,18.4523,truck,
BN 98 YZ ZN,2026-04-01,193005,41.8,479,JHB,25.9623,truck,
BN 98 YZ ZN,2026-04-07,193574,47.7,569,JHB,25.9623,truck,
BN 98 YZ ZN,2026-04-08,193903,26.1,329,JHB,25.9623,truck,
BN 98 YZ ZN,2026-04-10,194348,37.9,445,JHB,25.9623,truck,
BN 98 YZ ZN,2026-04-14,194622,24.4,274,JHB,25.9623,truck,
BN 98 YZ ZN,2026-04-16,195026,31.5,404,JHB,25.9623,truck,
BN 98 YZ ZN,2026-04-21,195478,40.0,452,JHB,25.9623,truck,
BN 98 YZ ZN,2026-04-23,196012,43.2,534,JHB,25.9623,truck,
BN 98 YZ ZN,2026-04-26,196494,40.6,482,JHB,25.9623,truck,
BN 98 YZ ZN,2026-04-29,196754,24.3,260,JHB,25.9623,truck,2 X DRUMS 50LTS
BN 98 YZ ZN,2026-04-30,,50.0,0,JHB,25.9623,truck,
BN 98 YZ ZN,2026-05-05,197687,35.2,933,JHB,25.9623,truck,
BN 98 YZ ZN,2026-05-06,197964,73.6,277,JHB,25.9623,truck,2 X 25LT DRUMS 50LTS
BN 98 YZ ZN,2026-05-13,198951,36.2,987,JHB,25.9623,truck,
BN 98 YZ ZN,2026-05-15,199969,65.4,1018,JHB,25.9623,truck,
BN 98 YZ ZN,2026-05-21,200327,45.9,358,JHB,25.9623,truck,
BN 98 YZ ZN,2026-05-26,201070,58.3,743,JHB,25.9623,truck,
BN 98 YZ ZN,2026-05-27,201584,41.8,514,JHB,25.9623,truck,
BN 98 YZ ZN,2026-06-01,202263,56.2,679,JHB,28.6097,truck,
BN 98 YZ ZN,2026-06-03,202935,50.3,672,JHB,28.6097,truck,
BN 98 YZ ZN,2026-06-08,203468,44.2,533,JHB,28.6097,truck,
BN 98 YZ ZN,2026-06-09,203688,66.5,220,JHB,28.6097,truck,2 X CONTAINERS
BN 98 ZN ZN,2026-02-16,406166,43.4,86,JHB,17.8023,truck,
BN 98 ZN ZN,2026-02-23,406166,45.0,0,JHB,17.8023,truck,
BN 98 ZN ZN,2026-02-26,406643,157.9,477,JHB,17.8023,truck,TOOK DRUMS DIESEL 45 LTS
BN 98 ZN ZN,2026-03-04,406752,49.9,126,JHB,18.4523,truck,
BN 98 ZN ZN,2026-03-05,407132,131.9,380,JHB,18.4523,truck,
BN 98 ZN ZN,2026-03-10,407311,83.5,179,JHB,18.4523,truck,
BN 98 ZN ZN,2026-03-17,407920,217.5,609,JHB,18.4523,truck,
BN 98 ZN ZN,2026-03-20,408150,97.1,230,JHB,18.4523,truck,
BN 98 ZN ZN,2026-03-24,408565,121.6,415,JHB,18.4523,truck,
BN 98 ZN ZN,2026-03-26,408726,73.5,161,JHB,18.4523,truck,
BN 98 ZN ZN,2026-03-31,409349,207.6,623,JHB,18.4523,truck,
BN 98 ZN ZN,2026-04-02,409672,96.9,323,JHB,25.9623,truck,
BN 98 ZN ZN,2026-04-08,410168,176.3,496,JHB,25.9623,truck,
BN 98 ZN ZN,2026-04-14,410464,87.3,296,JHB,25.9623,truck,
BN 98 ZN ZN,2026-04-20,410550,61.8,86,JHB,25.9623,truck,
BN 98 ZN ZN,2026-04-22,410652,41.5,102,JHB,25.9623,truck,
BN 98 ZN ZN,2026-04-26,411072,142.3,420,JHB,25.9623,truck,
BN 98 ZN ZN,2026-05-05,411420,136.0,348,JHB,25.9623,truck,
BN 98 ZN ZN,2026-05-12,411814,144.4,394,JHB,25.9623,truck,
BN 98 ZN ZN,2026-05-13,412081,89.8,267,JHB,25.9623,truck,
BN 98 ZN ZN,2026-05-19,412494,129.7,413,JHB,25.9623,truck,
BN 98 ZN ZN,2026-06-05,412715,75.8,221,JHB,28.6097,truck,
BN 99 CD ZN,2026-01-05,399883,30.9,203,JHB,18.3723,truck,
BN 99 CD ZN,2026-01-07,400220,43.0,337,JHB,18.3723,truck,
BN 99 CD ZN,2026-01-20,400481,38.8,261,JHB,18.3723,truck,
BN 99 CD ZN,2026-01-21,400827,43.2,346,JHB,18.3723,truck,
BN 99 CD ZN,2026-01-23,401067,32.3,240,JHB,18.3723,truck,
BN 99 CD ZN,2026-01-26,401183,12.7,116,JHB,18.3723,truck,
BN 99 CD ZN,2026-01-27,401375,25.4,192,JHB,18.3723,truck,
BN 99 CD ZN,2026-01-28,401773,53.6,398,JHB,18.3723,truck,
BN 99 CD ZN,2026-01-29,402187,51.9,414,JHB,18.3723,truck,
BN 99 CD ZN,2026-02-03,402565,47.4,378,JHB,17.8023,truck,
BN 99 CD ZN,2026-02-04,402750,27.0,185,JHB,17.8023,truck,
BN 99 CD ZN,2026-02-12,403047,42.0,297,JHB,17.8023,truck,
BN 99 CD ZN,2026-02-13,403279,30.2,232,JHB,17.8023,truck,
BN 99 CD ZN,2026-02-14,403658,43.1,379,JHB,17.8023,truck,
BN 99 CD ZN,2026-02-16,404058,52.4,400,JHB,17.8023,truck,
BN 99 CD ZN,2026-02-18,404444,47.0,386,JHB,17.8023,truck,
BN 99 CD ZN,2026-02-20,404775,40.7,331,JHB,17.8023,truck,
BN 99 CD ZN,2026-02-23,405104,42.1,329,JHB,17.8023,truck,
BN 99 CD ZN,2026-02-24,405429,43.0,325,JHB,17.8023,truck,
BN 99 CD ZN,2026-02-26,405853,54.0,424,JHB,17.8023,truck,
BN 99 CD ZN,2026-02-27,406099,35.0,246,JHB,17.8023,truck,
BN 99 CD ZN,2026-03-04,406317,29.2,218,JHB,18.4523,truck,
BN 99 CD ZN,2026-03-06,406687,43.0,370,JHB,18.4523,truck,
BN 99 CD ZN,2026-03-09,406972,41.5,285,JHB,18.4523,truck,
BN 99 CD ZN,2026-03-11,407153,21.2,181,JHB,18.4523,truck,
BN 99 CD ZN,2026-03-12,407320,23.1,167,JHB,18.4523,truck,
BN 99 CD ZN,2026-03-13,407604,36.3,284,JHB,18.4523,truck,
BN 99 CD ZN,2026-03-16,407876,34.9,272,JHB,18.4523,truck,
BN 99 CV ZN,2026-01-07,1240563,269.8,1400,JHB,18.3723,truck,
BN 99 CV ZN,2026-01-15,1241294,350.5,731,JHB,18.3723,truck,
BN 99 CV ZN,2026-01-16,1241994,346.4,700,JHB,18.3723,truck,
BN 99 CV ZN,2026-01-21,1242701,316.6,707,JHB,18.3723,truck,
BN 99 CV ZN,2026-01-26,1242959,177.8,258,JHB,18.3723,truck,
BN 99 CV ZN,2026-02-03,1243427,233.4,468,JHB,17.8023,truck,
BN 99 CV ZN,2026-02-05,1244603,515.9,1176,JHB,17.8023,truck,
BN 99 CV ZN,2026-02-16,1245302,360.4,699,JHB,17.8023,truck,
BN 99 CV ZN,2026-02-20,1245955,291.5,653,JHB,17.8023,truck,
BN 99 CV ZN,2026-02-24,1246187,181.2,232,JHB,17.8023,truck,
BN 99 CV ZN,2026-02-26,1246551,124.6,364,JHB,17.8023,truck,
BN 99 CV ZN,2026-02-27,1246859,180.4,308,JHB,17.8023,truck,
BN 99 CV ZN,2026-03-03,1246996,108.9,137,JHB,18.4523,truck,
BN 99 CV ZN,2026-03-09,1248058,455.2,1062,JHB,18.4523,truck,
BN 99 CV ZN,2026-03-12,1249134,462.3,1076,JHB,18.4523,truck,
BN 99 CV ZN,2026-03-16,1249519,289.0,385,JHB,18.4523,truck,
BN 99 CV ZN,2026-03-19,1250839,565.0,1320,JHB,18.4523,truck,
BN 99 CV ZN,2026-03-25,1251635,333.0,796,JHB,18.4523,truck,
BN 99 CV ZN,2026-03-26,1251842,149.7,207,JHB,18.4523,truck,
BN 99 CV ZN,2026-03-30,1253106,150.0,1264,JHB,18.4523,truck,
BN 99 CV ZN,2026-04-01,1253362,320.1,256,JHB,25.9623,truck,
BN 99 CV ZN,2026-04-07,1253786,217.2,424,JHB,25.9623,truck,
BN 99 CV ZN,2026-04-14,1254409,366.5,623,JHB,25.9623,truck,
BN 99 CV ZN,2026-04-20,1254963,320.6,554,JHB,25.9623,truck,
BN 99 CV ZN,2026-04-23,1255526,274.3,563,JHB,25.9623,truck,
BN 99 CV ZN,2026-04-29,1256246,362.7,720,JHB,25.9623,truck,
BN 99 CV ZN,2026-05-05,1256998,299.6,752,JHB,25.9623,truck,
BN 99 CV ZN,2026-05-08,1257352,179.1,354,JHB,25.9623,truck,
BN 99 CV ZN,2026-05-13,1257991,369.9,639,JHB,25.9623,truck,
BN 99 CV ZN,2026-05-19,1258622,261.8,631,JHB,25.9623,truck,
BN 99 CV ZN,2026-05-20,1258980,190.0,358,JHB,25.9623,truck,
BN 99 CV ZN,2026-05-22,1259568,312.0,588,JHB,25.9623,truck,
BN 99 CV ZN,2026-05-25,1260135,299.7,567,JHB,25.9623,truck,
BN 99 CV ZN,2026-05-26,1260404,168.4,269,JHB,25.9623,truck,
BN 99 CV ZN,2026-05-27,1260744,264.5,340,JHB,25.9623,truck,
BN 99 CV ZN,2026-06-03,1261681,448.0,937,JHB,28.6097,truck,
BS 42 ZB ZN,2026-01-05,425752,44.0,,DBN,,truck,
BS 42 ZB ZN,2026-01-19,426245,65.0,,DBN,,truck,
BS 42 ZB ZN,2026-02-06,426692,58.0,,DBN,,truck,
BS 42 ZB ZN,2026-02-24,427168,61.0,,DBN,,truck,
BS 42 ZB ZN,2026-03-03,427647,52.0,,DBN,,truck,
BS 42 ZB ZN,2026-03-09,428150,61.0,,DBN,,truck,
BS 42 ZB ZN,2026-03-13,428664,65.0,,DBN,,truck,
BS 42 ZB ZN,2026-03-25,429112,52.0,,DBN,,truck,
BS 42 ZB ZN,2026-03-31,429622,70.0,,DBN,,truck,
BS 42 ZB ZN,2026-04-01,429951,41.0,,DBN,,truck,
BS 42 ZB ZN,2026-04-02,430065,15.0,,DBN,,truck,
BS 42 ZB ZN,2026-04-23,430367,38.0,,DBN,,truck,
BS 42 ZB ZN,2026-05-18,430735,47.0,,DBN,,truck,
BS 42 ZB ZN,2026-05-26,431147,55.0,,DBN,,truck,
BS 43 BH ZN,2026-01-05,783680,80.9,384,JHB,18.3723,truck,
BS 43 BH ZN,2026-01-08,784258,121.7,578,JHB,18.3723,truck,
BS 43 BH ZN,2026-01-14,784608,151.3,350,JHB,18.3723,truck,
BS 43 BH ZN,2026-01-15,784909,107.2,301,JHB,18.3723,truck,
BS 43 BH ZN,2026-01-21,786045,239.7,1136,JHB,18.3723,truck,
BS 43 BH ZN,2026-02-05,787068,207.6,1023,JHB,17.8023,truck,
BS 43 BH ZN,2026-02-12,787951,198.5,883,JHB,17.8023,truck,
BS 43 BH ZN,2026-02-24,788756,189.2,805,JHB,17.8023,truck,
BS 43 BH ZN,2026-02-27,789122,73.2,366,JHB,17.8023,truck,
BS 43 BH ZN,2026-03-06,789635,132.1,513,JHB,18.4523,truck,
BS 43 BH ZN,2026-03-12,790444,198.0,809,JHB,18.4523,truck,
BS 43 BH ZN,2026-03-18,791123,160.5,679,JHB,18.4523,truck,
BS 43 BH ZN,2026-03-20,791610,91.7,487,JHB,18.4523,truck,
BS 43 BH ZN,2026-03-24,791861,71.6,251,JHB,18.4523,truck,
BS 43 BH ZN,2026-03-25,792290,109.7,429,JHB,18.4523,truck,
BS 43 BH ZN,2026-03-27,792536,58.4,246,JHB,18.4523,truck,
BS 43 BH ZN,2026-04-01,792992,103.7,456,JHB,25.9623,truck,
BS 43 BH ZN,2026-04-07,793558,132.0,566,JHB,25.9623,truck,
BS 43 BH ZN,2026-04-14,794289,185.0,731,JHB,25.9623,truck,
BS 43 BH ZN,2026-04-16,794728,98.3,439,JHB,25.9623,truck,
BS 43 BH ZN,2026-04-22,795313,121.4,585,JHB,25.9623,truck,
BS 43 BH ZN,2026-04-26,796010,138.6,697,JHB,25.9623,truck,
BS 43 BH ZN,2026-04-29,796499,104.3,489,JHB,25.9623,truck,
BS 43 BH ZN,2026-05-05,797460,220.5,961,JHB,25.9623,truck,
BS 43 BH ZN,2026-05-08,797914,109.3,454,JHB,25.9623,truck,
BS 43 BH ZN,2026-05-12,798163,55.0,249,JHB,25.9623,truck,
BS 43 BH ZN,2026-05-14,798832,135.2,669,JHB,25.9623,truck,
BS 43 BH ZN,2026-05-26,799133,66.4,301,JHB,25.9623,truck,
BS 43 BH ZN,2026-05-29,799702,132.7,569,JHB,25.9623,truck,
BS 43 BH ZN,2026-06-04,800194,111.7,492,JHB,28.6097,truck,
BZ 24 KW ZN,2026-05-15,407686,31.2,428,JHB,25.9623,truck,
BZ 24 KW ZN,2026-05-29,408113,32.0,427,JHB,25.9623,truck,
CB 99 DJ ZN,2025-12-29,494971,79.8,546,JHB,,truck,
CB 99 DJ ZN,2026-01-09,495522,115.0,551,JHB,18.3723,truck,
CB 99 DJ ZN,2026-01-15,496164,119.8,642,JHB,18.3723,truck,
CB 99 DJ ZN,2026-01-21,496844,117.5,680,JHB,18.3723,truck,
CB 99 DJ ZN,2026-01-26,497314,79.4,470,JHB,18.3723,truck,
CB 99 DJ ZN,2026-01-30,497882,102.0,568,JHB,18.3723,truck,
CB 99 DJ ZN,2026-02-05,498444,102.2,562,JHB,17.8023,truck,
CB 99 DJ ZN,2026-02-10,499103,117.2,659,JHB,17.8023,truck,
CB 99 DJ ZN,2026-02-16,499738,107.8,635,JHB,17.8023,truck,
CB 99 DJ ZN,2026-02-19,500213,88.3,475,JHB,17.8023,truck,
CB 99 DJ ZN,2026-02-24,500669,76.6,456,JHB,17.8023,truck,
CB 99 DJ ZN,2026-02-27,501022,62.9,353,JHB,17.8023,truck,
CB 99 DJ ZN,2026-03-05,501641,118.4,619,JHB,18.4523,truck,
CB 99 DJ ZN,2026-03-10,502149,98.3,508,JHB,18.4523,truck,
CB 99 DJ ZN,2026-03-13,502784,113.2,635,JHB,18.4523,truck,
CB 99 DJ ZN,2026-03-20,503630,144.9,846,JHB,18.4523,truck,
CB 99 DJ ZN,2026-03-25,503899,55.2,269,JHB,18.4523,truck,
CB 99 DJ ZN,2026-03-26,504047,27.5,148,JHB,18.4523,truck,
CB 99 DJ ZN,2026-03-27,504217,33.6,170,JHB,18.4523,truck,
CB 99 DJ ZN,2026-04-01,504650,84.5,433,JHB,25.9623,truck,
CB 99 DJ ZN,2026-04-07,505155,95.4,505,JHB,25.9623,truck,
CB 99 DJ ZN,2026-04-09,505602,82.8,447,JHB,25.9623,truck,
CB 99 DJ ZN,2026-04-14,506239,119.4,637,JHB,25.9623,truck,
CB 99 DJ ZN,2026-04-20,506685,89.0,446,JHB,25.9623,truck,
CB 99 DJ ZN,2026-04-22,507109,74.7,424,JHB,25.9623,truck,
CB 99 DJ ZN,2026-04-30,507361,42.3,252,JHB,25.9623,truck,
CB 99 DJ ZN,2026-05-08,507694,73.1,333,JHB,25.9623,truck,
CB 99 DJ ZN,2026-05-12,508160,86.3,466,JHB,25.9623,truck,
CB 99 DJ ZN,2026-05-15,508575,77.9,415,JHB,25.9623,truck,
CB 99 DJ ZN,2026-05-19,509043,86.6,468,JHB,25.9623,truck,
CB 99 DJ ZN,2026-05-22,509299,49.6,256,JHB,25.9623,truck,
CB 99 DJ ZN,2026-05-26,509563,51.5,264,JHB,25.9623,truck,
CB 99 DJ ZN,2026-05-28,509860,59.2,297,JHB,25.9623,truck,
CB 99 DJ ZN,2026-06-01,510292,75.0,432,JHB,28.6097,truck,
CB 99 DJ ZN,2026-06-03,510445,36.5,153,JHB,28.6097,truck,
CB 99 DJ ZN,2026-06-05,510920,85.5,475,JHB,28.6097,truck,
CD 82 TZ ZN,2026-01-08,219221,222.0,,DBN,,truck,
CD 82 TZ ZN,2026-01-19,219788,147.0,,DBN,,truck,
CD 82 TZ ZN,2026-01-23,220761,293.0,,DBN,,truck,
CD 82 TZ ZN,2026-02-09,221152,136.0,,DBN,,truck,
CD 82 TZ ZN,2026-02-16,221555,130.0,,DBN,,truck,
CD 82 TZ ZN,2026-02-26,221830,93.0,,DBN,,truck,
CD 82 TZ ZN,2026-03-09,222284,143.0,,DBN,,truck,
CD 82 TZ ZN,2026-03-26,222954,232.0,,DBN,,truck,
CD 82 TZ ZN,2026-03-28,223014,38.0,,DBN,,truck,
CD 82 TZ ZN,2026-04-14,227170,274.0,,DBN,,truck,
CD 82 TZ ZN,2026-04-16,227226,35.0,,DBN,,truck,
CD 82 TZ ZN,2026-04-22,227996,237.0,,DBN,,truck,
CD 82 TZ ZN,2026-04-23,228577,133.0,,DBN,,truck,
CD 82 TZ ZN,2026-05-07,229658,283.0,,DBN,,truck,
CD 82 TZ ZN,2026-05-11,230093,108.0,,DBN,,truck,
CD 82 TZ ZN,2026-05-18,230951,254.0,,DBN,,truck,
CD 82 TZ ZN,2026-06-01,231884,249.0,,DBN,,truck,
CD 82 TZ ZN,2026-06-08,233359,324.0,,DBN,,truck,
CH 09 CR ZN,2025-12-31,918416,105.5,540,JHB,,truck,
CH 09 CR ZN,2026-01-06,919346,162.1,930,JHB,18.3723,truck,
CH 09 CR ZN,2026-01-16,920506,263.4,1160,JHB,18.3723,truck,
CH 09 CR ZN,2026-01-26,920710,106.5,204,JHB,18.3723,truck,FAULTY ODO
CH 09 CR ZN,2026-01-27,954441,204.4,1227,JHB,18.3723,truck,ODO  NOT WORKING
CH 09 CR ZN,2026-02-03,270,32.0,244,JHB,17.8023,truck,REPLACED ODO METER
CH 09 CR ZN,2026-02-04,,241.7,0,JHB,17.8023,truck,
CH 09 CR ZN,2026-02-13,1425,209.9,1155,JHB,17.8023,truck,
CH 09 CR ZN,2026-02-17,2514,237.0,1089,JHB,17.8023,truck,
CH 09 CR ZN,2026-02-26,3841,127.9,1327,JHB,17.8023,truck,
CH 09 CR ZN,2026-02-27,4160,197.8,319,JHB,17.8023,truck,
CH 09 CR ZN,2026-03-06,5368,232.9,1208,JHB,18.4523,truck,
CH 09 CR ZN,2026-03-12,6048,147.1,680,JHB,18.4523,truck,
CH 09 CR ZN,2026-03-19,7521,293.0,1473,JHB,18.4523,truck,
CH 09 CR ZN,2026-03-20,7617,25.5,96,JHB,18.4523,truck,
CH 09 CR ZN,2026-03-24,8267,133.3,650,JHB,18.4523,truck,
CH 09 CR ZN,2026-03-25,8430,38.8,163,JHB,18.4523,truck,
CH 09 CR ZN,2026-03-27,9674,231.0,244,JHB,18.4523,truck,
CH 09 CR ZN,2026-04-01,10125,96.0,451,JHB,25.9623,truck,
CH 09 CR ZN,2026-04-14,11204,224.1,1079,JHB,25.9623,truck,
CH 09 CR ZN,2026-04-22,12240,207.7,1036,JHB,25.9623,truck,
CH 09 CR ZN,2026-04-26,12862,135.2,622,JHB,25.9623,truck,
CH 09 CR ZN,2026-05-06,13831,203.3,969,JHB,25.9623,truck,
CH 09 CR ZN,2026-05-13,14938,241.3,1107,JHB,25.9623,truck,
CH 09 CR ZN,2026-05-22,16216,252.0,1278,JHB,25.9623,truck,
CH 09 CR ZN,2026-05-25,16619,86.1,403,JHB,25.9623,truck,
CH 09 CR ZN,2026-05-28,17648,209.8,1029,JHB,25.9623,truck,
CH 09 DX ZN,2026-01-07,469417,98.6,403,JHB,18.3723,truck,
CH 09 DX ZN,2026-01-09,469834,115.9,417,JHB,18.3723,truck,
CH 09 DX ZN,2026-01-15,470240,119.5,406,JHB,18.3723,truck,
CH 09 DX ZN,2026-01-19,470700,296.0,460,JHB,18.3723,truck,
CH 09 DX ZN,2026-01-21,472329,150.2,1629,JHB,18.3723,truck,
CH 09 DX ZN,2026-01-22,472833,194.9,504,JHB,18.3723,truck,
CH 09 DX ZN,2026-01-26,473178,84.6,345,JHB,18.3723,truck,
CH 09 DX ZN,2026-01-30,473466,79.7,288,JHB,18.3723,truck,
CH 09 DX ZN,2026-02-03,474161,163.5,695,JHB,17.8023,truck,
CH 09 DX ZN,2026-02-10,474814,165.3,653,JHB,17.8023,truck,
CH 09 DX ZN,2026-02-16,475393,135.0,579,JHB,17.8023,truck,
CH 09 DX ZN,2026-02-18,475963,168.7,570,JHB,17.8023,truck,
CH 09 DX ZN,2026-02-23,476302,84.3,339,JHB,17.8023,truck,
CH 09 DX ZN,2026-02-27,476915,156.0,613,JHB,17.8023,truck,
CH 09 DX ZN,2026-03-04,477252,100.0,337,JHB,18.4523,truck,
CH 09 DX ZN,2026-03-06,477763,144.0,511,JHB,18.4523,truck,
CH 09 DX ZN,2026-03-09,477869,39.2,106,JHB,18.4523,truck,
CH 09 DX ZN,2026-03-11,478382,290.0,513,JHB,18.4523,truck,6X25 LT DRUMS
CH 09 DX ZN,2026-03-13,479720,191.0,1338,JHB,18.4523,truck,
CH 09 DX ZN,2026-03-17,480123,202.0,403,JHB,18.4523,truck,4 X 20LT DRUMS
CH 09 DX ZN,2026-03-19,481085,117.8,962,JHB,18.4523,truck,
CH 09 DX ZN,2026-03-20,481384,62.1,299,JHB,18.4523,truck,
CH 09 DX ZN,2026-03-24,481600,20.0,216,JHB,18.4523,truck,
CH 09 DX ZN,2026-03-25,481805,103.4,205,JHB,18.4523,truck,
CH 09 DX ZN,2026-03-26,482699,150.5,894,JHB,18.4523,truck,
CH 09 DX ZN,2026-03-27,482936,130.0,237,JHB,18.4523,truck,
CH 09 DX ZN,2026-03-29,483236,100.0,300,JHB,18.4523,truck,
CH 09 DX ZN,2026-03-31,484271,203.7,1035,JHB,18.4523,truck,
CH 09 DX ZN,2026-04-01,484676,102.2,405,JHB,25.9623,truck,
CH 09 DX ZN,2026-04-02,484978,77.8,302,JHB,25.9623,truck,
CH 09 DX ZN,2026-04-08,485375,101.3,397,JHB,25.9623,truck,
CH 09 DX ZN,2026-04-14,486152,227.8,777,JHB,25.9623,truck,124 LTS
CH 09 DX ZN,2026-04-20,486639,142.4,487,JHB,25.9623,truck,
CH 09 DX ZN,2026-04-23,487040,98.0,401,JHB,25.9623,truck,
CH 09 DX ZN,2026-04-26,487527,120.8,487,JHB,25.9623,truck,
CH 09 DX ZN,2026-04-28,487581,118.0,54,JHB,25.9623,truck,
CH 09 DX ZN,2026-04-30,488979,250.0,1398,JHB,25.9623,truck,
CH 09 DX ZN,2026-05-12,489543,147.2,564,JHB,25.9623,truck,
CH 09 DX ZN,2026-05-14,490398,196.3,855,JHB,25.9623,truck,
CH 09 DX ZN,2026-05-18,491092,175.5,694,JHB,25.9623,truck,
CH 09 DX ZN,2026-05-20,491208,139.9,116,JHB,25.9623,truck,4X 20LT DRUMS
CH 09 DX ZN,2026-05-22,492334,172.2,1126,JHB,25.9623,truck,
CH 09 DX ZN,2026-05-26,492608,62.6,274,JHB,25.9623,truck,
CH 09 DX ZN,2026-06-01,493250,168.3,642,JHB,28.6097,truck,
CH 09 DX ZN,2026-06-02,493395,30.0,145,JHB,28.6097,truck,
CH 09 DX ZN,2026-06-03,493919,121.0,524,JHB,28.6097,truck,
CH 09 DX ZN,2026-06-08,494381,108.3,462,JHB,28.6097,truck,
CH 09 GJ ZN,2026-01-06,413029,464.0,,LINEHAUL,,truck,
CH 09 GJ ZN,2026-01-09,414917,491.0,,LINEHAUL,,truck,
CH 09 GJ ZN,2026-01-16,416237,516.0,,LINEHAUL,,truck,
CH 09 GJ ZN,2026-01-20,417445,622.0,,LINEHAUL,,truck,
CH 09 GJ ZN,2026-01-22,418709,569.0,,LINEHAUL,,truck,
CH 09 GJ ZN,2026-01-27,420043,545.0,,LINEHAUL,,truck,
CH 09 GJ ZN,2026-01-30,421472,672.0,,LINEHAUL,,truck,
CH 09 GJ ZN,2026-02-03,423073,631.0,,LINEHAUL,,truck,
CH 09 GJ ZN,2026-02-05,424328,569.0,,LINEHAUL,,truck,
CH 09 GJ ZN,2026-02-10,426337,883.0,,LINEHAUL,,truck,
CH 09 GJ ZN,2026-02-12,427885,660.0,,LINEHAUL,,truck,
CH 09 GJ ZN,2026-02-17,429267,579.0,,LINEHAUL,,truck,
CH 09 GJ ZN,2026-02-19,430472,489.0,,LINEHAUL,,truck,
CH 09 GJ ZN,2026-02-23,431689,555.0,,LINEHAUL,,truck,
CH 09 GJ ZN,2026-02-25,432971,536.0,,LINEHAUL,,truck,
CH 09 GJ ZN,2026-02-27,434175,460.0,,LINEHAUL,,truck,
CH 09 GJ ZN,2026-03-03,435673,589.0,,LINEHAUL,,truck,
CH 09 GJ ZN,2026-03-05,436912,539.0,,LINEHAUL,,truck,
CH 09 GJ ZN,2026-03-09,438130,517.0,,LINEHAUL,,truck,
CH 09 GJ ZN,2026-03-11,439707,612.0,,LINEHAUL,,truck,
CH 09 GJ ZN,2026-03-16,441230,696.0,,LINEHAUL,,truck,
CH 09 GJ ZN,2026-03-18,442603,615.0,,LINEHAUL,,truck,
CH 09 GJ ZN,2026-03-20,443994,615.0,,LINEHAUL,,truck,
CH 09 GJ ZN,2026-03-24,445293,630.0,,LINEHAUL,,truck,
CH 09 GJ ZN,2026-03-26,446630,300.0,,LINEHAUL,,truck,
CH 09 GJ ZN,2026-03-27,447231,812.0,,LINEHAUL,,truck,
CH 09 GJ ZN,2026-03-31,448503,575.0,,LINEHAUL,,truck,
CH 09 GJ ZN,2026-04-10,450516,900.1,,LINEHAUL,,truck,
CH 09 GJ ZN,2026-04-14,451779,758.0,,LINEHAUL,,truck,
CH 09 GJ ZN,2026-05-04,453482,730.0,,LINEHAUL,,truck,
CH 09 GJ ZN,2026-05-07,455525,885.0,,LINEHAUL,,truck,
CH 09 GJ ZN,2026-05-12,456702,585.0,,LINEHAUL,,truck,
CH 09 GJ ZN,2026-05-14,457903,546.0,,LINEHAUL,,truck,
CH 09 GJ ZN,2026-05-18,459115,520.0,,LINEHAUL,,truck,
CH 09 GJ ZN,2026-05-20,460359,540.0,,LINEHAUL,,truck,
CH 09 GJ ZN,2026-05-23,462272,919.6,,LINEHAUL,,truck,
CH 09 GJ ZN,2026-05-29,465355,856.0,,LINEHAUL,,truck,
CH 09 GJ ZN,2026-06-02,466555,595.0,,LINEHAUL,,truck,
CH 09 GJ ZN,2026-06-05,468029,610.0,,LINEHAUL,,truck,
CJ 74 HJ ZN,2025-12-29,492420,649.0,,LINEHAUL,,truck,
CJ 74 HJ ZN,2026-01-07,494372,614.0,,LINEHAUL,,truck,
CJ 74 HJ ZN,2026-01-09,495551,455.0,,LINEHAUL,,truck,
CJ 74 HJ ZN,2026-01-13,496785,618.0,,LINEHAUL,,truck,
CJ 74 HJ ZN,2026-01-15,497958,641.0,,LINEHAUL,,truck,
CJ 74 HJ ZN,2026-01-20,499270,640.0,,LINEHAUL,,truck,
CJ 74 HJ ZN,2026-01-22,500456,559.0,,LINEHAUL,,truck,
CJ 74 HJ ZN,2026-01-27,501711,724.0,,LINEHAUL,,truck,
CJ 74 HJ ZN,2026-01-29,502973,666.0,,LINEHAUL,,truck,
CJ 74 HJ ZN,2026-02-02,504240,617.0,,LINEHAUL,,truck,
CJ 74 HJ ZN,2026-02-04,505474,607.0,,LINEHAUL,,truck,
CJ 74 HJ ZN,2026-02-09,506848,650.0,,LINEHAUL,,truck,
CJ 74 HJ ZN,2026-02-11,508030,658.0,,LINEHAUL,,truck,
CJ 74 HJ ZN,2026-02-13,509282,603.0,,LINEHAUL,,truck,
CJ 74 HJ ZN,2026-02-18,510610,626.0,,LINEHAUL,,truck,
CJ 74 HJ ZN,2026-02-23,511982,641.0,,LINEHAUL,,truck,
CJ 74 HJ ZN,2026-02-24,512676,228.7,,LINEHAUL,,truck,
CJ 74 HJ ZN,2026-02-26,513693,795.0,,LINEHAUL,,truck,
CJ 74 HJ ZN,2026-03-03,515150,678.0,,LINEHAUL,,truck,
CJ 74 HJ ZN,2026-03-06,517046,903.1,,LINEHAUL,,truck,
CJ 74 HJ ZN,2026-03-10,518259,622.0,,LINEHAUL,,truck,
CJ 74 HJ ZN,2026-03-12,519487,656.4,,LINEHAUL,,truck,
CJ 74 HJ ZN,2026-03-16,520839,658.0,,LINEHAUL,,truck,
CJ 74 HJ ZN,2026-03-18,522547,808.1,,LINEHAUL,,truck,
CJ 74 HJ ZN,2026-03-23,524471,845.8,,LINEHAUL,,truck,
CJ 74 HJ ZN,2026-03-26,525833,640.0,,LINEHAUL,,truck,
CJ 74 HJ ZN,2026-03-31,527084,659.0,,LINEHAUL,,truck,
CJ 74 HJ ZN,2026-04-02,528328,649.0,,LINEHAUL,,truck,
CJ 74 HJ ZN,2026-04-09,529581,645.0,,LINEHAUL,,truck,
CJ 74 HJ ZN,2026-04-13,530898,502.0,,LINEHAUL,,truck,
CJ 74 HJ ZN,2026-04-16,532439,895.0,,LINEHAUL,,truck,
CJ 74 HJ ZN,2026-04-21,534289,838.1,,LINEHAUL,,truck,
CJ 74 HJ ZN,2026-04-23,535827,714.0,,LINEHAUL,,truck,
CJ 74 HJ ZN,2026-04-24,536342,283.0,,LINEHAUL,,truck,
CJ 74 HJ ZN,2026-04-29,537624,637.0,,LINEHAUL,,truck,
CJ 74 HJ ZN,2026-05-04,538252,382.2,,LINEHAUL,,truck,
CJ 74 HJ ZN,2026-05-05,540085,804.0,,LINEHAUL,,truck,
CJ 74 HJ ZN,2026-05-07,541307,701.0,,LINEHAUL,,truck,
CJ 74 HJ ZN,2026-05-12,542759,645.0,,LINEHAUL,,truck,
CJ 74 HJ ZN,2026-05-14,543945,653.0,,LINEHAUL,,truck,
CJ 74 HJ ZN,2026-05-19,545939,972.3,,LINEHAUL,,truck,
CJ 74 HJ ZN,2026-05-22,547095,539.0,,LINEHAUL,,truck,
CJ 74 HJ ZN,2026-05-24,548352,492.0,,LINEHAUL,,truck,
CJ 74 HJ ZN,2026-05-25,548861,188.0,,LINEHAUL,,truck,
CJ 74 HJ ZN,2026-05-28,550466,727.0,,LINEHAUL,,truck,
CJ 74 HJ ZN,2026-06-02,551701,684.0,,LINEHAUL,,truck,
CJ 74 HJ ZN,2026-06-04,552875,568.0,,LINEHAUL,,truck,
CJ 74 HJ ZN,2026-06-06,554063,559.0,,LINEHAUL,,truck,
CJ 74 MP ZN,2026-01-06,411160,646.0,,LINEHAUL,,truck,
CJ 74 MP ZN,2026-01-08,412341,501.0,,LINEHAUL,,truck,
CJ 74 MP ZN,2026-01-12,414149,589.0,,LINEHAUL,,truck,
CJ 74 MP ZN,2026-01-14,415355,537.0,,LINEHAUL,,truck,
CJ 74 MP ZN,2026-01-16,416545,570.0,,LINEHAUL,,truck,
CJ 74 MP ZN,2026-01-20,418150,660.0,,LINEHAUL,,truck,
CJ 74 MP ZN,2026-01-22,419329,501.0,,LINEHAUL,,truck,
CJ 74 MP ZN,2026-01-26,420699,635.0,,LINEHAUL,,truck,
CJ 74 MP ZN,2026-01-28,421955,446.0,,LINEHAUL,,truck,
CJ 74 MP ZN,2026-01-30,423273,645.0,,LINEHAUL,,truck,
CJ 74 MP ZN,2026-02-04,425269,901.0,,LINEHAUL,,truck,
CJ 74 MP ZN,2026-02-06,426563,594.0,,LINEHAUL,,truck,
CJ 74 MP ZN,2026-02-12,427870,579.0,,LINEHAUL,,truck,
CJ 74 MP ZN,2026-02-16,429125,573.0,,LINEHAUL,,truck,
CJ 74 MP ZN,2026-02-18,430264,482.0,,LINEHAUL,,truck,
CJ 74 MP ZN,2026-02-20,431504,565.0,,LINEHAUL,,truck,
CJ 74 MP ZN,2026-03-04,432795,601.0,,LINEHAUL,,truck,
CJ 74 MP ZN,2026-03-06,434231,645.0,,LINEHAUL,,truck,
CJ 74 MP ZN,2026-03-12,436311,950.0,,LINEHAUL,,truck,
CJ 74 MP ZN,2026-03-16,437712,620.0,,LINEHAUL,,truck,
CJ 74 MP ZN,2026-03-18,438621,362.0,,LINEHAUL,,truck,
CJ 74 MP ZN,2026-03-22,439778,530.0,,LINEHAUL,,truck,
CJ 74 MP ZN,2026-03-25,441431,556.0,,LINEHAUL,,truck,
CJ 74 MP ZN,2026-03-27,442623,574.0,,LINEHAUL,,truck,
CJ 74 MP ZN,2026-03-30,443104,170.0,,LINEHAUL,,truck,
CJ 74 MP ZN,2026-04-01,444299,515.0,,LINEHAUL,,truck,
CJ 74 MP ZN,2026-04-07,445456,532.0,,LINEHAUL,,truck,
CJ 74 MP ZN,2026-04-10,446752,500.0,,LINEHAUL,,truck,
CJ 74 MP ZN,2026-04-14,448028,796.0,,LINEHAUL,,truck,
CJ 74 MP ZN,2026-04-16,449241,570.0,,LINEHAUL,,truck,
CJ 74 MP ZN,2026-04-20,450422,506.0,,LINEHAUL,,truck,
CJ 74 MP ZN,2026-04-22,451572,520.0,,LINEHAUL,,truck,
CJ 74 MP ZN,2026-04-24,452760,492.0,,LINEHAUL,,truck,
CJ 74 MP ZN,2026-04-30,454175,650.0,,LINEHAUL,,truck,
CJ 74 MP ZN,2026-05-04,454737,241.0,,LINEHAUL,,truck,
CJ 74 MP ZN,2026-05-06,455925,598.0,,LINEHAUL,,truck,
CJ 74 MP ZN,2026-05-11,458243,1027.2,,LINEHAUL,,truck,
CJ 74 MP ZN,2026-05-13,459466,626.0,,LINEHAUL,,truck,
CJ 74 MP ZN,2026-05-15,460729,570.0,,LINEHAUL,,truck,
CJ 74 MP ZN,2026-05-20,462154,597.0,,LINEHAUL,,truck,
CJ 74 MP ZN,2026-05-22,463483,550.0,,LINEHAUL,,truck,
CJ 74 MP ZN,2026-05-29,466035,561.0,,LINEHAUL,,truck,
CJ 74 MP ZN,2026-06-04,467469,636.0,,LINEHAUL,,truck,
CJ 74 MP ZN,2026-06-08,469375,978.0,,LINEHAUL,,truck,
CJ 74 NJ ZN,2026-03-31,787049,333.7,697,JHB,18.4523,truck,
CJ 74 NJ ZN,2026-04-20,788132,373.9,1083,JHB,25.9623,truck,
CJ 74 NJ ZN,2026-05-05,789180,347.8,1048,JHB,25.9623,truck,
CJ 74 NJ ZN,2026-05-19,790258,193.3,1078,JHB,25.9623,truck,
CJ 74 NJ ZN,2026-05-25,790691,283.4,433,JHB,25.9623,truck,
CJ 74 NJ ZN,2026-06-03,791721,327.1,1030,JHB,28.6097,truck,
CJ 74 RF ZN,2026-01-07,140142,45.0,430,JHB,18.3723,truck,
CJ 74 RF ZN,2026-01-14,140779,68.5,637,JHB,18.3723,truck,
CJ 74 RF ZN,2026-01-28,141359,60.8,580,JHB,18.3723,truck,
CJ 74 RF ZN,2026-02-03,141962,64.6,603,JHB,17.8023,truck,
CJ 74 RF ZN,2026-02-20,142664,70.9,702,JHB,17.8023,truck,
CJ 74 RF ZN,2026-03-12,143576,72.3,912,JHB,18.4523,truck,
CJ 74 RF ZN,2026-03-27,144363,66.5,787,JHB,18.4523,truck,
CJ 74 RF ZN,2026-04-21,145138,75.7,775,JHB,25.9623,truck,
CJ 74 RF ZN,2026-05-04,145697,48.3,559,JHB,25.9623,truck,
CJ 74 RF ZN,2026-05-15,146408,62.5,711,JHB,25.9623,truck,
CJ 74 RF ZN,2026-06-05,147180,72.3,772,JHB,28.6097,truck,
CL 97 WC ZN,2025-12-30,584887,350.0,898,JHB,,truck,
CL 97 WC ZN,2026-01-09,586041,270.9,1154,JHB,18.3723,truck,
CL 97 WC ZN,2026-01-13,587274,432.0,1233,JHB,18.3723,truck,
CL 97 WC ZN,2026-01-15,588619,409.0,1345,JHB,18.3723,truck,
CL 97 WC ZN,2026-01-21,589182,307.0,563,JHB,18.3723,truck,
CL 97 WC ZN,2026-01-26,590493,266.0,1311,JHB,18.3723,truck,
CL 97 WC ZN,2026-02-03,591005,253.9,512,JHB,17.8023,truck,
CL 97 WC ZN,2026-02-09,591961,395.2,956,JHB,17.8023,truck,
CL 97 WC ZN,2026-02-10,592676,351.0,715,JHB,17.8023,truck,
CL 97 WC ZN,2026-02-12,593232,302.6,556,JHB,17.8023,truck,
CL 97 WC ZN,2026-02-23,594265,412.7,1033,JHB,17.8023,truck,
CL 97 WC ZN,2026-02-26,594831,343.7,566,JHB,17.8023,truck,
CL 97 WC ZN,2026-02-26,594831,151.9,245,JHB,17.8023,truck,FILLED ON 25TH FEB 2026
CL 97 WC ZN,2026-03-02,596064,263.4,1233,JHB,18.4523,truck,
CL 97 WC ZN,2026-03-03,596618,258.8,554,JHB,18.4523,truck,
CL 97 WC ZN,2026-03-04,596959,189.8,341,JHB,18.4523,truck,
CL 97 WC ZN,2026-03-09,598181,414.4,1222,JHB,18.4523,truck,
CL 97 WC ZN,2026-03-10,598894,336.0,713,JHB,18.4523,truck,
CL 97 WC ZN,2026-03-12,599538,335.0,644,JHB,18.4523,truck,
CL 97 WC ZN,2026-03-17,600217,354.2,679,JHB,18.4523,truck,
CL 97 WC ZN,2026-03-18,600487,227.7,270,JHB,18.4523,truck,
CL 97 WC ZN,2026-03-20,601988,450.2,1501,JHB,18.4523,truck,
CL 97 WC ZN,2026-03-25,603133,172.0,1145,JHB,18.4523,truck,
CL 97 WC ZN,2026-03-27,602721,243.4,588,JHB,18.4523,truck,
CL 97 WC ZN,2026-03-31,603879,362.0,1158,JHB,18.4523,truck,
CL 97 WC ZN,2026-04-01,604041,156.5,162,JHB,25.9623,truck,
CL 97 WC ZN,2026-04-08,605650,300.0,1609,JHB,25.9623,truck,
CL 97 WC ZN,2026-04-09,605828,103.5,178,JHB,25.9623,truck,
CL 97 WC ZN,2026-04-14,606647,322.2,819,JHB,25.9623,truck,
CL 97 WC ZN,2026-04-16,607213,260.0,566,JHB,25.9623,truck,
CL 97 WC ZN,2026-04-20,608371,210.3,1158,JHB,25.9623,truck,
CL 97 WC ZN,2026-04-22,608554,179.5,183,JHB,25.9623,truck,
CL 97 WC ZN,2026-04-24,609682,434.2,1128,JHB,25.9623,truck,
CL 97 WC ZN,2026-04-29,610155,242.8,473,JHB,25.9623,truck,
CL 97 WC ZN,2026-04-30,610752,290.0,597,JHB,25.9623,truck,
CL 97 WC ZN,2026-05-04,611406,245.3,654,JHB,25.9623,truck,
CL 97 WC ZN,2026-05-07,611952,291.4,546,JHB,25.9623,truck,
CL 97 WC ZN,2026-05-12,613314,284.4,1362,JHB,25.9623,truck,
CL 97 WC ZN,2026-05-15,614099,351.1,785,JHB,25.9623,truck,
CL 97 WC ZN,2026-05-18,614634,263.7,535,JHB,25.9623,truck,
CL 97 WC ZN,2026-05-20,614907,162.3,273,JHB,25.9623,truck,
CL 97 WC ZN,2026-05-22,615756,300.0,849,JHB,25.9623,truck,
CL 97 WC ZN,2026-05-25,616819,389.3,1063,JHB,25.9623,truck,
CL 97 WC ZN,2026-05-27,618019,298.0,1200,JHB,25.9623,truck,
CL 97 WC ZN,2026-06-03,618708,272.3,689,JHB,28.6097,truck,
CL 97 WC ZN,2026-06-08,619280,277.4,572,JHB,28.6097,truck,
CL 98 DB ZN,2025-12-31,22765,60.8,543,JHB,,truck,
CL 98 DB ZN,2026-01-06,23345,62.4,580,JHB,18.3723,truck,
CL 98 DB ZN,2026-01-14,23877,59.7,532,JHB,18.3723,truck,
CL 98 DB ZN,2026-01-20,24500,64.3,623,JHB,18.3723,truck,
CL 98 DB ZN,2026-01-30,25112,68.4,612,JHB,18.3723,truck,
CL 98 DB ZN,2026-02-05,25720,68.9,608,JHB,17.8023,truck,
CL 98 DB ZN,2026-02-13,26332,62.8,612,JHB,17.8023,truck,
CL 98 DB ZN,2026-02-18,26967,66.3,635,JHB,17.8023,truck,
CL 98 DB ZN,2026-02-24,27580,62.7,613,JHB,17.8023,truck,
CL 98 DB ZN,2026-03-04,28154,62.9,574,JHB,18.4523,truck,
CL 98 DB ZN,2026-03-10,28755,64.6,601,JHB,18.4523,truck,
CL 98 DB ZN,2026-03-17,29291,58.6,536,JHB,18.4523,truck,
CL 98 DB ZN,2026-03-20,29851,61.0,560,JHB,18.4523,truck,
CL 98 DB ZN,2026-03-31,30470,66.1,619,JHB,18.4523,truck,
CL 98 DB ZN,2026-04-09,31060,64.8,590,JHB,25.9623,truck,
CL 98 DB ZN,2026-04-17,31625,59.0,565,JHB,25.9623,truck,
CL 98 DB ZN,2026-04-28,32192,64.0,567,JHB,25.9623,truck,
CL 98 DB ZN,2026-05-08,32722,56.8,530,JHB,25.9623,truck,
CL 98 DB ZN,2026-05-15,33312,63.2,590,JHB,25.9623,truck,
CL 98 DB ZN,2026-05-25,33903,62.5,591,JHB,25.9623,truck,
CL 98 DB ZN,2026-06-02,34450,58.9,547,JHB,28.6097,truck,
CN 75 KR ZN,2026-01-26,622537,57.3,334,JHB,18.3723,truck,
CN 75 KR ZN,2026-01-29,622932,63.3,395,JHB,18.3723,truck,
CN 75 KR ZN,2026-02-04,623197,50.6,265,JHB,17.8023,truck,
CN 75 KR ZN,2026-02-09,623711,82.3,514,JHB,17.8023,truck,
CN 75 KR ZN,2026-02-18,624242,98.3,531,JHB,17.8023,truck,
CN 75 KR ZN,2026-03-06,624819,124.6,577,JHB,18.4523,truck,
CN 75 KR ZN,2026-03-17,625297,97.6,478,JHB,18.4523,truck,
CN 75 KR ZN,2026-03-20,625770,83.0,473,JHB,18.4523,truck,
CN 75 KR ZN,2026-03-25,626118,63.1,348,JHB,18.4523,truck,
CN 75 KR ZN,2026-03-26,626283,32.5,165,JHB,18.4523,truck,
CN 75 KR ZN,2026-03-27,626740,78.1,457,JHB,18.4523,truck,
CN 75 KR ZN,2026-04-08,627678,104.1,938,JHB,25.9623,truck,
CN 75 KR ZN,2026-04-14,628212,97.8,534,JHB,25.9623,truck,
CN 75 KR ZN,2026-04-16,628549,59.8,337,JHB,25.9623,truck,
CN 75 KR ZN,2026-04-20,628842,51.8,293,JHB,25.9623,truck,
CN 75 KR ZN,2026-04-22,629120,51.2,278,JHB,25.9623,truck,
CN 75 KR ZN,2026-04-24,629413,54.5,293,JHB,25.9623,truck,
CN 75 KR ZN,2026-04-26,629556,27.4,143,JHB,25.9623,truck,
CN 75 KR ZN,2026-04-28,629865,56.2,309,JHB,25.9623,truck,
CN 75 KR ZN,2026-04-30,630176,59.6,311,JHB,25.9623,truck,
CN 75 KR ZN,2026-05-17,630496,69.0,320,JHB,25.9623,truck,
CN 75 KR ZN,2026-05-18,630667,32.9,171,JHB,25.9623,truck,
CN 75 KR ZN,2026-05-19,630933,52.2,266,JHB,25.9623,truck,
CN 75 KR ZN,2026-05-21,631202,51.5,269,JHB,25.9623,truck,
CN 75 KR ZN,2026-05-22,631357,31.1,155,JHB,25.9623,truck,
CN 75 KR ZN,2026-05-26,631704,61.0,347,JHB,25.9623,truck,
CN 75 KR ZN,2026-05-28,631903,40.0,199,JHB,25.9623,truck,
CR 26 PV ZN,2026-01-02,494051,765.0,,LINEHAUL,,truck,
CR 26 PV ZN,2026-01-09,495237,405.0,,LINEHAUL,,truck,
CR 26 PV ZN,2026-01-14,496491,680.0,,LINEHAUL,,truck,
CR 26 PV ZN,2026-01-19,498318,852.3,,LINEHAUL,,truck,
CR 26 PV ZN,2026-01-21,499475,550.0,,LINEHAUL,,truck,
CR 26 PV ZN,2026-01-23,501023,704.0,,LINEHAUL,,truck,
CR 26 PV ZN,2026-01-29,502764,803.0,,LINEHAUL,,truck,
CR 26 PV ZN,2026-02-02,503952,549.0,,LINEHAUL,,truck,
CR 26 PV ZN,2026-02-04,505173,612.0,,LINEHAUL,,truck,
CR 26 PV ZN,2026-02-06,506501,679.0,,LINEHAUL,,truck,
CR 26 PV ZN,2026-02-10,507809,585.0,,LINEHAUL,,truck,
CR 26 PV ZN,2026-02-12,509177,673.0,,LINEHAUL,,truck,
CR 26 PV ZN,2026-02-18,510490,662.0,,LINEHAUL,,truck,
CR 26 PV ZN,2026-02-20,511744,605.0,,LINEHAUL,,truck,
CR 26 PV ZN,2026-02-24,513315,726.1,,LINEHAUL,,truck,
CR 26 PV ZN,2026-03-02,515226,589.0,,LINEHAUL,,truck,
CR 26 PV ZN,2026-03-04,516546,706.0,,LINEHAUL,,truck,
CR 26 PV ZN,2026-03-10,518822,1041.0,,LINEHAUL,,truck,
CR 26 PV ZN,2026-03-12,520135,644.0,,LINEHAUL,,truck,
CR 26 PV ZN,2026-03-16,521437,521.0,,LINEHAUL,,truck,
CR 26 PV ZN,2026-03-19,522803,593.0,,LINEHAUL,,truck,
CR 26 PV ZN,2026-03-25,524218,757.0,,LINEHAUL,,truck,
CR 26 PV ZN,2026-03-28,525481,622.0,,LINEHAUL,,truck,
CR 26 PV ZN,2026-04-01,527304,926.0,,LINEHAUL,,truck,
CR 26 PV ZN,2026-04-08,529288,881.0,,LINEHAUL,,truck,
CR 26 PV ZN,2026-04-10,530533,500.0,,LINEHAUL,,truck,
CR 26 PV ZN,2026-04-16,532652,1035.0,,LINEHAUL,,truck,
CR 26 PV ZN,2026-04-21,534293,796.0,,LINEHAUL,,truck,
CR 26 PV ZN,2026-04-23,535875,790.0,,LINEHAUL,,truck,
CR 26 PV ZN,2026-04-29,537167,690.0,,LINEHAUL,,truck,
CR 26 PV ZN,2026-05-05,538452,705.0,,LINEHAUL,,truck,
CR 26 PV ZN,2026-05-07,539641,634.0,,LINEHAUL,,truck,
CR 26 PV ZN,2026-05-12,540898,640.0,,LINEHAUL,,truck,
CR 26 PV ZN,2026-05-14,542143,656.0,,LINEHAUL,,truck,
CR 26 PV ZN,2026-05-19,543333,518.0,,LINEHAUL,,truck,
CR 26 PV ZN,2026-05-22,544531,666.0,,LINEHAUL,,truck,
CR 26 PV ZN,2026-05-29,547488,786.0,,LINEHAUL,,truck,
CR 26 PV ZN,2026-06-02,548696,603.0,,LINEHAUL,,truck,
CR 26 PV ZN,2026-06-04,550267,719.0,,LINEHAUL,,truck,
CR 26 PV ZN,2026-06-08,551504,615.0,,LINEHAUL,,truck,
CR 26 RB ZN,2026-01-13,4029,98.5,158,JHB,18.3723,truck,
CR 26 RB ZN,2026-01-20,4461,154.2,432,JHB,18.3723,truck,
CR 26 RB ZN,2026-01-26,4914,160.4,453,JHB,18.3723,truck,
CR 26 RB ZN,2026-02-02,5192,155.1,278,JHB,17.8023,truck,
CR 26 RB ZN,2026-02-09,5704,209.9,512,JHB,17.8023,truck,
CR 26 RB ZN,2026-02-16,6225,214.0,521,JHB,17.8023,truck,
CR 26 RB ZN,2026-02-20,6759,183.5,534,JHB,17.8023,truck,
CR 26 RB ZN,2026-02-26,7046,136.7,287,JHB,17.8023,truck,
CR 26 RB ZN,2026-03-05,7504,182.3,458,JHB,18.4523,truck,
CR 26 RB ZN,2026-03-12,8175,230.5,671,JHB,18.4523,truck,
CR 26 RB ZN,2026-03-19,8614,186.0,439,JHB,18.4523,truck,
CR 26 RB ZN,2026-03-20,8846,74.4,232,JHB,18.4523,truck,
CR 26 RB ZN,2026-03-26,9128,100.0,282,JHB,18.4523,truck,
CR 26 RB ZN,2026-03-30,9380,145.4,252,JHB,18.4523,truck,
CR 26 RB ZN,2026-04-01,9898,175.1,518,JHB,25.9623,truck,
CR 26 RB ZN,2026-04-08,10354,181.3,456,JHB,25.9623,truck,
CR 26 RB ZN,2026-04-14,10549,105.2,195,JHB,25.9623,truck,
CR 26 RB ZN,2026-04-17,10862,100.0,313,JHB,25.9623,truck,
CR 26 RB ZN,2026-04-23,11176,167.6,314,JHB,25.9623,truck,
CR 26 RB ZN,2026-04-26,11370,81.3,194,JHB,25.9623,truck,
CR 26 RB ZN,2026-04-30,11954,199.1,584,JHB,25.9623,truck,
CR 26 RB ZN,2026-05-08,12286,177.0,332,JHB,25.9623,truck,
CR 26 RB ZN,2026-05-13,12512,106.3,226,JHB,25.9623,truck,
CR 26 RB ZN,2026-05-21,13103,248.0,591,JHB,25.9623,truck,
CR 26 RB ZN,2026-05-28,13712,254.6,609,JHB,25.9623,truck,
CR 26 RB ZN,2026-06-04,14250,95.2,538,JHB,28.6097,truck,
CR 26 RB ZN,2026-06-08,14429,100.0,179,JHB,28.6097,truck,
DB 45 HT ZN,2026-01-05,847737,150.0,754,JHB,18.3723,truck,
DB 45 HT ZN,2026-01-13,848019,300.2,282,JHB,18.3723,truck,
DB 45 HT ZN,2026-01-15,848163,213.8,144,JHB,18.3723,truck,
DB 45 HT ZN,2026-01-26,848855,344.5,692,JHB,18.3723,truck,
DB 45 HT ZN,2026-01-30,849447,223.4,592,JHB,18.3723,truck,
DB 45 HT ZN,2026-02-03,850587,338.9,1140,JHB,17.8023,truck,
DB 45 HT ZN,2026-02-09,851959,356.9,1372,JHB,17.8023,truck,
DB 45 HT ZN,2026-02-11,853181,385.8,1222,JHB,17.8023,truck,
DB 45 HT ZN,2026-02-19,853965,315.1,784,JHB,17.8023,truck,
DB 45 HT ZN,2026-02-24,854648,329.0,683,JHB,17.8023,truck,
DB 45 HT ZN,2026-02-25,855139,220.0,491,JHB,17.8023,truck,
DB 45 HT ZN,2026-02-27,855750,351.7,1785,JHB,17.8023,truck,
DB 45 HT ZN,2026-03-04,856466,335.4,716,JHB,18.4523,truck,
DB 45 HT ZN,2026-03-06,857866,446.6,1400,JHB,18.4523,truck,
DB 45 HT ZN,2026-03-10,857984,100.0,118,JHB,18.4523,truck,
DB 45 HT ZN,2026-03-11,858691,263.4,707,JHB,18.4523,truck,
DB 45 HT ZN,2026-03-16,859196,219.4,505,JHB,18.4523,truck,
DB 45 HT ZN,2026-03-17,860507,380.1,1311,JHB,18.4523,truck,
DB 45 HT ZN,2026-03-24,862028,393.4,1521,JHB,18.4523,truck,
DB 45 HT ZN,2026-03-26,862663,231.0,635,JHB,18.4523,truck,
DB 45 HT ZN,2026-03-31,863437,339.6,774,JHB,18.4523,truck,
DB 45 HT ZN,2026-04-02,863775,204.0,338,JHB,25.9623,truck,
DB 45 HT ZN,2026-04-14,864449,345.2,674,JHB,25.9623,truck,
DB 45 HT ZN,2026-04-16,864686,166.0,237,JHB,25.9623,truck,
DB 45 HT ZN,2026-04-20,865026,141.5,340,JHB,25.9623,truck,
DB 45 HT ZN,2026-04-21,865693,257.0,667,JHB,25.9623,truck,
DB 45 HT ZN,2026-04-23,866135,226.7,442,JHB,25.9623,truck,
DB 45 HT ZN,2026-04-26,866945,441.5,810,JHB,25.9623,truck,
DB 45 HT ZN,2026-05-04,868184,100.0,561,JHB,25.9623,truck,
DB 45 HT ZN,2026-05-05,868377,381.0,193,JHB,25.9623,truck,
DB 45 HT ZN,2026-05-07,869228,439.3,851,JHB,25.9623,truck,
DB 45 HT ZN,2026-05-12,870450,377.7,1222,JHB,25.9623,truck,
DB 45 HT ZN,2026-05-18,871280,316.1,830,JHB,25.9623,truck,
DB 45 HT ZN,2026-05-20,872345,396.5,1065,JHB,25.9623,truck,
DB 45 HT ZN,2026-05-25,872738,209.5,393,JHB,25.9623,truck,
DB 45 HT ZN,2026-05-27,873584,373.5,846,JHB,25.9623,truck,
DB 45 HT ZN,2026-06-01,874529,419.0,945,JHB,28.6097,truck,
DB 45 HT ZN,2026-06-05,875247,288.8,718,JHB,28.6097,truck,
DB 45 HT ZN,2026-06-08,875758,281.0,511,JHB,28.6097,truck,
DD 12 LD ZN,2026-01-12,809386,136.0,,DBN,,truck,
DD 12 LD ZN,2026-01-23,809679,95.0,,DBN,,truck,
DD 12 LD ZN,2026-02-09,809929,82.0,,DBN,,truck,
DD 12 LD ZN,2026-02-16,810355,119.0,,DBN,,truck,
DD 12 LD ZN,2026-02-26,810601,71.0,,DBN,,truck,
DD 12 LD ZN,2026-03-09,811286,188.0,,DBN,,truck,
DD 12 LD ZN,2026-03-25,811971,220.0,,DBN,,truck,
DD 12 LD ZN,2026-03-26,812080,33.0,,DBN,,truck,
DD 12 LD ZN,2026-04-07,812379,95.0,,DBN,,truck,
DD 12 LD ZN,2026-04-16,813243,226.0,,DBN,,truck,
DD 12 LD ZN,2026-04-23,813579,101.0,,DBN,,truck,
DD 12 LD ZN,2026-05-11,814254,195.0,,DBN,,truck,
DD 12 LD ZN,2026-05-26,815141,264.0,,DBN,,truck,
DD 12 LD ZN,2026-06-08,815552,135.0,,DBN,,truck,
DD 12 LL ZN,2026-01-06,213495,63.0,,DBN,,truck,
DD 12 LL ZN,2026-01-15,213632,27.0,,DBN,,truck,
DD 12 LL ZN,2026-01-19,213826,29.0,,DBN,,truck,
DD 12 LL ZN,2026-02-02,214395,38.0,,DBN,,truck,
DD 12 LL ZN,2026-02-05,214892,70.0,,DBN,,truck,
DD 12 LL ZN,2026-02-09,215136,35.0,,DBN,,truck,
DD 12 LL ZN,2026-02-11,215547,63.0,,DBN,,truck,
DD 12 LL ZN,2026-02-13,216394,64.0,,DBN,,truck,
DD 12 LL ZN,2026-02-16,216554,23.0,,DBN,,truck,
DD 12 LL ZN,2026-02-17,216666,19.0,,DBN,,truck,
DD 12 LL ZN,2026-02-18,216945,38.0,,DBN,,truck,
DD 12 LL ZN,2026-02-24,217393,74.0,,DBN,,truck,
DD 12 LL ZN,2026-02-26,218209,68.0,,DBN,,truck,
DD 12 LL ZN,2026-03-02,218728,79.0,,DBN,,truck,
DD 12 LL ZN,2026-03-06,219088,53.0,,DBN,,truck,
DD 12 LL ZN,2026-03-09,219320,43.0,,DBN,,truck,
DD 12 LL ZN,2026-03-16,220620,73.0,,DBN,,truck,
DD 12 LL ZN,2026-03-18,220962,49.0,,DBN,,truck,
DD 12 LL ZN,2026-03-20,221311,54.0,,DBN,,truck,
DD 12 LL ZN,2026-03-23,221550,38.0,,DBN,,truck,
DD 12 LL ZN,2026-03-26,221983,65.0,,DBN,,truck,
DD 12 LL ZN,2026-03-27,222354,60.0,,DBN,,truck,
DD 12 LL ZN,2026-04-01,222602,41.0,,DBN,,truck,
DD 12 LL ZN,2026-04-07,222850,36.0,,DBN,,truck,
DD 12 LL ZN,2026-04-08,223209,53.0,,DBN,,truck,
DD 12 LL ZN,2026-04-09,223571,52.0,,DBN,,truck,
DD 12 LL ZN,2026-04-13,223831,51.0,,DBN,,truck,
DD 12 LL ZN,2026-04-14,224061,33.0,,DBN,,truck,
DD 12 LL ZN,2026-04-17,224232,27.0,,DBN,,truck,
DD 12 LL ZN,2026-04-20,224436,29.0,,DBN,,truck,
DD 12 LL ZN,2026-04-22,224793,53.0,,DBN,,truck,
DD 12 LL ZN,2026-04-23,225024,40.0,,DBN,,truck,
DD 12 LL ZN,2026-04-28,225295,41.0,,DBN,,truck,
DD 12 LL ZN,2026-05-04,225612,48.0,,DBN,,truck,
DD 12 LL ZN,2026-05-06,225857,37.0,,DBN,,truck,
DD 12 LL ZN,2026-05-07,226066,45.0,,DBN,,truck,
DD 12 LL ZN,2026-05-08,226331,37.0,,DBN,,truck,
DD 12 LL ZN,2026-05-11,226593,40.0,,DBN,,truck,
DD 12 LL ZN,2026-05-18,226877,43.0,,DBN,,truck,
DD 12 LL ZN,2026-05-20,227142,40.0,,DBN,,truck,
DD 12 LL ZN,2026-05-26,227383,42.0,,DBN,,truck,
DD 12 LL ZN,2026-06-02,227449,16.0,,DBN,,truck,
DD 12 LL ZN,2026-06-03,227734,39.0,,DBN,,truck,
DD 12 LL ZN,2026-06-08,228017,44.0,,DBN,,truck,
DD 12 LL ZN,2026-06-09,228349,50.0,,DBN,,truck,
DD 12 LT ZN,2026-01-05,505269,130.0,0,JHB,18.3723,truck,
DD 12 LT ZN,2026-01-07,505269,66.1,0,JHB,18.3723,truck,Odo Not working
DD 12 LT ZN,2026-01-15,505269,111.7,0,JHB,18.3723,truck,Odo Not working
DD 12 LT ZN,2026-01-20,505269,87.0,0,JHB,18.3723,truck,Odo Not working
DD 12 LT ZN,2026-01-22,505269,97.7,0,JHB,18.3723,truck,Odo Not working
DD 12 LT ZN,2026-01-26,505269,40.1,0,JHB,18.3723,truck,Odo Not working
DD 12 LT ZN,2026-02-27,510290,47.0,949,JHB,17.8023,truck,
DD 12 LT ZN,2026-03-02,510848,147.7,558,JHB,18.4523,truck,
DD 12 LT ZN,2026-03-05,511671,108.6,823,JHB,18.4523,truck,
DD 12 LT ZN,2026-03-12,512012,91.8,341,JHB,18.4523,truck,
DD 12 LT ZN,2026-03-27,512660,100.0,648,JHB,18.4523,truck,
DD 12 LT ZN,2026-03-30,513093,70.3,433,JHB,18.4523,truck,
DD 12 LT ZN,2026-04-07,513750,88.0,657,JHB,25.9623,truck,
DD 12 LT ZN,2026-04-13,514233,83.0,483,JHB,25.9623,truck,
DD 12 LT ZN,2026-04-20,514933,104.2,700,JHB,25.9623,truck,
DD 12 LT ZN,2026-04-23,515334,78.0,401,JHB,25.9623,truck,
DD 12 LT ZN,2026-04-26,515610,66.1,276,JHB,25.9623,truck,
DD 12 LT ZN,2026-05-05,516186,77.0,576,JHB,25.9623,truck,
DD 12 LT ZN,2026-05-06,516507,220.5,321,JHB,25.9623,truck,4 X 25 20LT DRUMS
DD 12 LT ZN,2026-05-12,518390,129.0,1883,JHB,25.9623,truck,
DD 12 LT ZN,2026-05-14,518703,227.6,313,JHB,25.9623,truck,4 X 25 20LT DRUMS
DD 12 LT ZN,2026-05-19,520749,128.2,2046,JHB,25.9623,truck,
DD 12 LT ZN,2026-05-26,521409,96.2,660,JHB,25.9623,truck,
DD 12 LT ZN,2026-06-02,522149,116.4,740,JHB,28.6097,truck,
DD 12 LT ZN,2026-06-05,522703,95.7,554,JHB,28.6097,truck,
DD 12 MH ZN,2026-01-06,695425,134.2,640,JHB,18.3723,truck,
DD 12 MH ZN,2026-01-16,696207,330.8,782,JHB,18.3723,truck,
DD 12 MH ZN,2026-01-26,696794,204.0,587,JHB,18.3723,truck,
DD 12 MH ZN,2026-02-03,697666,290.0,872,JHB,17.8023,truck,
DD 12 MH ZN,2026-02-17,698588,311.5,922,JHB,17.8023,truck,
DD 12 MH ZN,2026-02-26,699341,228.7,753,JHB,17.8023,truck,
DD 12 MH ZN,2026-03-06,700207,284.4,866,JHB,18.4523,truck,
DD 12 MH ZN,2026-03-12,700922,279.6,715,JHB,18.4523,truck,
DD 12 MH ZN,2026-03-20,702048,343.1,1126,JHB,18.4523,truck,
DD 12 MH ZN,2026-03-31,703003,335.2,955,JHB,18.4523,truck,
DD 12 MH ZN,2026-04-15,703791,241.4,788,JHB,25.9623,truck,
DD 12 MH ZN,2026-04-26,704479,256.0,688,JHB,25.9623,truck,
DD 12 MH ZN,2026-05-25,705631,373.0,1152,JHB,25.9623,truck,
DD 12 MH ZN,2026-06-02,706264,248.7,633,JHB,28.6097,truck,
DD 12 MM ZN,2026-01-12,762977,148.0,,DBN,,truck,
DD 12 MM ZN,2026-01-23,764198,342.0,,DBN,,truck,
DD 12 MM ZN,2026-02-09,765119,274.0,,DBN,,truck,
DD 12 MM ZN,2026-02-18,765864,193.0,,DBN,,truck,
DD 12 MM ZN,2026-02-26,766494,159.0,,DBN,,truck,
DD 12 MM ZN,2026-03-09,767109,201.0,,DBN,,truck,
DD 12 MM ZN,2026-03-25,768372,379.0,,DBN,,truck,
DD 12 MM ZN,2026-03-26,768412,15.0,,DBN,,truck,
DD 12 MM ZN,2026-04-24,769405,267.0,,DBN,,truck,
DD 12 MM ZN,2026-05-25,770666,352.0,,DBN,,truck,
DD 12 MM ZN,2026-06-08,771511,229.0,,DBN,,truck,
DD 12 NG ZN,2026-02-02,590118,114.0,,DBN,,truck,
DD 12 NG ZN,2026-02-16,590473,75.0,,DBN,,truck,
DD 12 NG ZN,2026-02-26,590635,41.0,,DBN,,truck,
DD 12 NG ZN,2026-03-09,590884,55.0,,DBN,,truck,
DD 12 NG ZN,2026-03-25,591371,111.0,,DBN,,truck,
DD 12 NG ZN,2026-03-26,591434,24.0,,DBN,,truck,
DD 12 NG ZN,2026-04-07,591652,36.0,,DBN,,truck,
DD 12 NG ZN,2026-04-17,592079,104.0,,DBN,,truck,
DD 12 NN ZN,2025-12-29,456835,710.0,,LINEHAUL,,truck,
DD 12 NN ZN,2026-01-07,459282,523.0,,LINEHAUL,,truck,
DD 12 NN ZN,2026-01-15,462003,730.7,,LINEHAUL,,truck,
DD 12 NN ZN,2026-01-16,460475,512.0,,LINEHAUL,,truck,
DD 12 NN ZN,2026-01-19,463243,581.0,,LINEHAUL,,truck,
DD 12 NN ZN,2026-01-21,464906,919.0,,LINEHAUL,,truck,
DD 12 NN ZN,2026-01-23,466069,560.0,,LINEHAUL,,truck,
DD 12 NN ZN,2026-01-29,467305,690.0,,LINEHAUL,,truck,
DD 12 NN ZN,2026-02-03,468711,818.0,,LINEHAUL,,truck,
DD 12 NN ZN,2026-02-05,470183,736.0,,LINEHAUL,,truck,
DD 12 NN ZN,2026-02-11,472276,941.2,,LINEHAUL,,truck,
DD 12 NN ZN,2026-02-13,473518,590.0,,LINEHAUL,,truck,
DD 12 NN ZN,2026-02-19,475399,792.1,,LINEHAUL,,truck,
DD 12 NN ZN,2026-02-23,476869,712.0,,LINEHAUL,,truck,
DD 12 NN ZN,2026-02-25,478286,634.0,,LINEHAUL,,truck,
DD 12 NN ZN,2026-02-27,479476,521.0,,LINEHAUL,,truck,
DD 12 NN ZN,2026-03-04,481044,753.0,,LINEHAUL,,truck,
DD 12 NN ZN,2026-03-06,482491,700.0,,LINEHAUL,,truck,
DD 12 NN ZN,2026-03-11,483839,755.0,,LINEHAUL,,truck,
DD 12 NN ZN,2026-03-13,485452,835.0,,LINEHAUL,,truck,
DD 12 NN ZN,2026-03-17,487008,674.0,,LINEHAUL,,truck,
DD 12 NN ZN,2026-03-19,488724,775.0,,LINEHAUL,,truck,
DD 12 NN ZN,2026-03-25,490115,718.2,,LINEHAUL,,truck,
DD 12 NN ZN,2026-03-26,490772,100.0,,LINEHAUL,,truck,
DD 12 NN ZN,2026-03-27,491314,630.0,,LINEHAUL,,truck,
DD 12 NN ZN,2026-03-31,492530,573.0,,LINEHAUL,,truck,
DD 12 NN ZN,2026-04-07,494335,779.0,,LINEHAUL,,truck,
DD 12 NN ZN,2026-04-10,495644,836.0,,LINEHAUL,,truck,
DD 12 NN ZN,2026-04-15,496838,689.0,,LINEHAUL,,truck,
DD 12 NN ZN,2026-04-20,498779,672.0,,LINEHAUL,,truck,
DD 12 NN ZN,2026-04-22,500288,685.0,,LINEHAUL,,truck,
DD 12 NN ZN,2026-04-24,502225,834.1,,LINEHAUL,,truck,
DD 12 NN ZN,2026-04-30,503983,910.1,,LINEHAUL,,truck,
DD 12 NN ZN,2026-05-06,505674,810.0,,LINEHAUL,,truck,
DD 12 NN ZN,2026-05-08,506970,712.0,,LINEHAUL,,truck,
DD 12 NN ZN,2026-05-13,508352,730.0,,LINEHAUL,,truck,
DD 12 NN ZN,2026-05-15,509584,553.0,,LINEHAUL,,truck,
DD 12 NN ZN,2026-05-20,511085,753.0,,LINEHAUL,,truck,
DD 12 NN ZN,2026-05-25,512820,799.0,,LINEHAUL,,truck,
DD 12 NN ZN,2026-06-01,516749,818.0,,LINEHAUL,,truck,
DD 12 NN ZN,2026-06-03,518017,640.0,,LINEHAUL,,truck,
DD 12 NN ZN,2026-06-05,519314,681.0,,LINEHAUL,,truck,
DD 12 NR ZN,2026-01-15,75641,293.0,1246,JHB,18.3723,truck,
DD 12 NR ZN,2026-01-26,76449,194.6,808,JHB,18.3723,truck,
DD 12 NR ZN,2026-01-29,77088,155.2,639,JHB,18.3723,truck,
DD 12 NR ZN,2026-02-05,78039,233.7,951,JHB,17.8023,truck,
DD 12 NR ZN,2026-02-12,78872,194.7,833,JHB,17.8023,truck,
DD 12 NR ZN,2026-02-19,79726,195.9,854,JHB,17.8023,truck,
DD 12 NR ZN,2026-02-27,80515,176.3,789,JHB,17.8023,truck,
DD 12 NR ZN,2026-03-06,81285,187.4,770,JHB,18.4523,truck,
DD 12 NR ZN,2026-03-17,81878,147.0,593,JHB,18.4523,truck,
DD 12 NR ZN,2026-03-18,82112,57.3,234,JHB,18.4523,truck,
DD 12 NR ZN,2026-03-20,82574,98.2,462,JHB,18.4523,truck,
DD 12 NR ZN,2026-03-26,83206,150.0,632,JHB,18.4523,truck,
DD 12 NR ZN,2026-03-27,83387,53.0,181,JHB,18.4523,truck,
DD 12 NR ZN,2026-03-30,83869,112.3,482,JHB,18.4523,truck,
DD 12 NR ZN,2026-04-01,84555,163.4,686,JHB,25.9623,truck,
DD 12 NR ZN,2026-04-14,85234,176.3,679,JHB,25.9623,truck,
DD 12 NR ZN,2026-04-22,86059,177.0,825,JHB,25.9623,truck,
DD 12 NR ZN,2026-04-30,86913,136.3,854,JHB,25.9623,truck,
DD 12 NR ZN,2026-05-07,87417,118.7,504,JHB,25.9623,truck,
DD 12 NR ZN,2026-05-14,88001,132.9,584,JHB,25.9623,truck,
DD 12 NR ZN,2026-05-21,88526,118.5,525,JHB,25.9623,truck,
DD 12 NR ZN,2026-05-25,89003,97.4,477,JHB,25.9623,truck,
DD 12 NR ZN,2026-05-28,89217,53.4,214,JHB,25.9623,truck,
DD 12 NR ZN,2026-06-08,89951,95.7,734,JHB,28.6097,truck,
DD 12 RL ZN,2026-02-02,164008,119.0,,DBN,,truck,
DD 12 RL ZN,2026-02-09,164406,111.0,,DBN,,truck,
DD 12 RL ZN,2026-02-16,164906,164.0,,DBN,,truck,
DD 12 RL ZN,2026-02-26,165661,166.0,,DBN,,truck,
DD 12 RL ZN,2026-03-09,166659,240.0,,DBN,,truck,
DD 12 RL ZN,2026-03-24,167712,200.0,,DBN,,truck,
DD 12 RL ZN,2026-03-26,167986,94.0,,DBN,,truck,
DD 12 RL ZN,2026-04-16,168830,200.0,,DBN,,truck,
DD 12 RL ZN,2026-04-23,169084,57.0,,DBN,,truck,
DD 12 RL ZN,2026-05-19,170115,207.0,,DBN,,truck,
DD 12 RL ZN,2026-05-26,170757,130.0,,DBN,,truck,
DD 12 RL ZN,2026-06-05,171628,193.0,,DBN,,truck,
DG 52 JN ZN,2026-01-12,536696,113.0,,DBN,,truck,
DG 52 JN ZN,2026-01-23,537297,151.0,,DBN,,truck,
DG 52 JN ZN,2026-02-26,538523,359.0,,DBN,,truck,
DG 52 JN ZN,2026-03-25,540189,419.0,,DBN,,truck,
DG 52 JN ZN,2026-03-26,540483,66.0,,DBN,,truck,
DG 52 JN ZN,2026-04-07,540816,102.0,,DBN,,truck,
DG 52 JN ZN,2026-04-16,541927,231.0,,DBN,,truck,
DG 52 JN ZN,2026-04-23,542256,82.0,,DBN,,truck,
DG 52 JN ZN,2026-05-11,542980,180.0,,DBN,,truck,
DG 52 JN ZN,2026-05-26,543845,222.0,,DBN,,truck,
DG 52 JN ZN,2026-06-08,544733,226.0,,DBN,,truck,
DR 46 YZ GP,2026-01-07,922928,93.7,385,JHB,18.3723,truck,
DR 46 YZ GP,2026-01-09,923434,103.8,506,JHB,18.3723,truck,
DR 46 YZ GP,2026-01-13,923959,119.5,525,JHB,18.3723,truck,
DR 46 YZ GP,2026-01-14,924389,88.3,430,JHB,18.3723,truck,
DR 46 YZ GP,2026-01-19,924734,75.7,345,JHB,18.3723,truck,
DR 46 YZ GP,2026-01-20,925258,116.7,524,JHB,18.3723,truck,
DR 46 YZ GP,2026-01-23,925841,119.6,583,JHB,18.3723,truck,
DR 46 YZ GP,2026-01-27,926406,116.4,565,JHB,18.3723,truck,
DR 46 YZ GP,2026-01-29,926845,90.0,439,JHB,18.3723,truck,
DR 46 YZ GP,2026-02-02,927331,111.8,486,JHB,17.8023,truck,
DR 46 YZ GP,2026-02-04,927855,86.5,524,JHB,17.8023,truck,
DR 46 YZ GP,2026-02-06,928173,70.4,318,JHB,17.8023,truck,
DR 46 YZ GP,2026-02-10,928506,69.3,333,JHB,17.8023,truck,
DR 46 YZ GP,2026-02-12,928930,87.8,424,JHB,17.8023,truck,
DR 46 YZ GP,2026-02-16,929180,56.4,250,JHB,17.8023,truck,
DR 46 YZ GP,2026-02-18,929609,84.1,429,JHB,17.8023,truck,
DR 46 YZ GP,2026-02-19,930022,85.5,413,JHB,17.8023,truck,
DR 46 YZ GP,2026-02-24,930405,78.8,383,JHB,17.8023,truck,
DR 46 YZ GP,2026-02-26,930914,109.2,509,JHB,17.8023,truck,
DR 46 YZ GP,2026-03-13,931098,52.8,184,JHB,18.4523,truck,
DR 46 YZ GP,2026-03-17,931240,39.3,142,JHB,18.4523,truck,
DR 46 YZ GP,2026-03-18,931634,96.0,394,JHB,18.4523,truck,
DR 46 YZ GP,2026-03-20,931877,58.1,243,JHB,18.4523,truck,
DR 46 YZ GP,2026-03-23,932074,65.7,197,JHB,18.4523,truck,
DR 46 YZ GP,2026-03-25,932440,65.3,366,JHB,18.4523,truck,
DR 46 YZ GP,2026-03-26,932799,53.3,359,JHB,18.4523,truck,
DR 46 YZ GP,2026-03-27,933105,99.8,306,JHB,18.4523,truck,
DR 46 YZ GP,2026-03-31,933606,125.7,501,JHB,18.4523,truck,
DR 46 YZ GP,2026-04-02,933861,58.2,255,JHB,25.9623,truck,
DR 46 YZ GP,2026-04-07,934145,67.5,284,JHB,25.9623,truck,
DR 46 YZ GP,2026-04-08,934621,114.7,476,JHB,25.9623,truck,
DR 46 YZ GP,2026-04-13,934967,85.1,346,JHB,25.9623,truck,
DR 46 YZ GP,2026-04-14,935153,44.2,186,JHB,25.9623,truck,
DR 46 YZ GP,2026-04-15,935648,115.1,495,JHB,25.9623,truck,
DR 46 YZ GP,2026-04-20,935934,68.0,286,JHB,25.9623,truck,
DR 46 YZ GP,2026-04-21,936023,20.5,89,JHB,25.9623,truck,
DR 46 YZ GP,2026-04-23,936397,78.6,374,JHB,25.9623,truck,
DR 46 YZ GP,2026-04-24,936542,44.0,145,JHB,25.9623,truck,
DR 46 YZ GP,2026-04-26,936640,22.0,98,JHB,25.9623,truck,
DR 46 YZ GP,2026-04-29,936980,76.0,340,JHB,25.9623,truck,
DR 46 YZ GP,2026-04-30,937227,61.4,247,JHB,25.9623,truck,
DR 46 YZ GP,2026-05-06,937503,65.3,276,JHB,25.9623,truck,
DR 46 YZ GP,2026-05-07,937885,78.3,382,JHB,25.9623,truck,
DR 46 YZ GP,2026-05-12,938120,59.8,235,JHB,25.9623,truck,
DR 46 YZ GP,2026-05-13,938560,104.0,440,JHB,25.9623,truck,
DR 46 YZ GP,2026-05-15,938958,82.3,398,JHB,25.9623,truck,
DR 46 YZ GP,2026-05-18,939118,41.8,160,JHB,25.9623,truck,
DR 46 YZ GP,2026-05-19,939338,51.7,220,JHB,25.9623,truck,
DR 46 YZ GP,2026-05-20,939606,65.9,268,JHB,25.9623,truck,
DR 46 YZ GP,2026-05-21,939875,60.6,269,JHB,25.9623,truck,
DR 46 YZ GP,2026-05-25,939968,26.5,93,JHB,25.9623,truck,
DR 46 YZ GP,2026-05-26,940081,26.3,113,JHB,25.9623,truck,
DR 46 YZ GP,2026-05-28,940435,83.3,354,JHB,25.9623,truck,
DR 46 YZ GP,2026-06-01,940840,100.3,405,JHB,28.6097,truck,
DR 46 YZ GP,2026-06-03,941130,70.0,290,JHB,28.6097,truck,
DR 46 YZ GP,2026-06-05,941500,89.0,370,JHB,28.6097,truck,
DR 46 YZ GP,2026-06-08,941811,66.9,311,JHB,28.6097,truck,
DR 50 ZN GP,2025-12-30,908119,112.4,548,JHB,,truck,
DR 50 ZN GP,2026-01-12,908464,80.8,345,JHB,18.3723,truck,
DR 50 ZN GP,2026-01-14,908908,90.0,444,JHB,18.3723,truck,
DR 50 ZN GP,2026-01-15,909135,47.0,227,JHB,18.3723,truck,
DR 50 ZN GP,2026-01-16,909484,67.6,349,JHB,18.3723,truck,
DR 50 ZN GP,2026-01-20,909727,51.1,243,JHB,18.3723,truck,
DR 50 ZN GP,2026-01-21,910170,92.7,443,JHB,18.3723,truck,
DR 50 ZN GP,2026-01-26,910552,87.6,382,JHB,18.3723,truck,
DR 50 ZN GP,2026-01-28,911126,112.0,574,JHB,18.3723,truck,
DR 50 ZN GP,2026-01-30,911483,77.4,357,JHB,18.3723,truck,
DR 50 ZN GP,2026-02-03,911744,57.6,261,JHB,17.8023,truck,
DR 50 ZN GP,2026-02-06,912234,99.9,490,JHB,17.8023,truck,
DR 50 ZN GP,2026-02-10,912691,95.3,457,JHB,17.8023,truck,
DR 50 ZN GP,2026-02-16,913110,100.8,419,JHB,17.8023,truck,
DR 50 ZN GP,2026-02-19,913331,49.9,221,JHB,17.8023,truck,
DR 50 ZN GP,2026-02-24,913862,102.1,531,JHB,17.8023,truck,
DR 50 ZN GP,2026-02-26,914018,186.5,156,JHB,17.8023,truck,FILLED 6 X DRUMS
DR 50 ZN GP,2026-02-27,915232,80.4,1214,JHB,17.8023,truck,
DR 50 ZN GP,2026-03-03,915531,64.2,299,JHB,18.4523,truck,
DR 50 ZN GP,2026-03-06,916066,168.6,535,JHB,18.4523,truck,2X DRUMS TAKEN
DR 50 ZN GP,2026-03-09,916870,107.3,804,JHB,18.4523,truck,
DR 50 ZN GP,2026-03-11,917232,74.2,362,JHB,18.4523,truck,
DR 50 ZN GP,2026-03-12,917793,107.5,561,JHB,18.4523,truck,
DR 50 ZN GP,2026-03-16,918224,88.6,431,JHB,18.4523,truck,
DR 50 ZN GP,2026-03-20,918867,128.9,643,JHB,18.4523,truck,
DR 50 ZN GP,2026-04-24,919163,80.1,296,JHB,25.9623,truck,
DR 50 ZN GP,2026-04-30,919414,60.6,251,JHB,25.9623,truck,
DR 50 ZN GP,2026-05-06,919694,66.8,280,JHB,25.9623,truck,
DR 50 ZN GP,2026-05-08,919990,74.7,296,JHB,25.9623,truck,
DR 50 ZN GP,2026-05-14,920376,89.1,386,JHB,25.9623,truck,
DR 50 ZN GP,2026-05-20,920706,83.5,330,JHB,25.9623,truck,
DR 50 ZN GP,2026-06-01,921047,86.8,341,JHB,28.6097,truck,
DR 50 ZN GP,2026-06-04,921464,98.2,417,JHB,28.6097,truck,
DR 50 ZN GP,2026-06-05,921747,58.8,283,JHB,28.6097,truck,
DV 19 VB ZN,2026-04-16,35510,337.0,,LINEHAUL,,truck,
DV 19 VB ZN,2026-04-21,37032,981.7,,LINEHAUL,,truck,
DV 19 VB ZN,2026-04-23,38460,594.0,,LINEHAUL,,truck,
DV 19 VB ZN,2026-05-29,39750,509.0,,LINEHAUL,,truck,
"LIONLIFT 2,5T NO 12",2026-02-09,,44.5,,JHB,17.8023,forklift,
"LIONLIFT 2,5T NO 12",2026-02-23,,49.6,,JHB,17.8023,forklift,
"LIONLIFT 2,5T NO 12",2026-03-18,,44.5,,JHB,18.4523,forklift,
"LIONLIFT 2,5T NO 12",2026-04-14,,50.0,,JHB,25.9623,forklift,
"LIONLIFT 2,5T NO 12",2026-04-29,,39.9,,JHB,25.9623,forklift,
"LIONLIFT 2,5T NO 12",2026-05-14,,40.0,,JHB,25.9623,forklift,
"LIONLIFT 2,5T NO 12",2026-05-28,,42.0,,JHB,25.9623,forklift,
MANHAND 4T NO 8,2025-12-07,,78.0,,JHB,,forklift,
MANHAND 4T NO 8,2025-12-16,,93.6,,JHB,,forklift,
MANHAND 4T NO 8,2025-12-26,,85.4,,JHB,,forklift,
MANHAND 4T NO 8,2026-02-03,,83.7,,JHB,17.8023,forklift,
MANHAND 4T NO 8,2026-02-12,,80.5,,JHB,17.8023,forklift,
MANHAND 4T NO 8,2026-02-23,,100.0,,JHB,17.8023,forklift,
MANHAND 4T NO 8,2026-03-01,,94.0,,JHB,18.4523,forklift,
MANHAND 4T NO 8,2026-03-06,,94.8,,JHB,18.4523,forklift,
MANHAND 4T NO 8,2026-03-13,,77.2,,JHB,18.4523,forklift,
MANHAND 4T NO 8,2026-03-20,,74.4,,JHB,18.4523,forklift,
MANHAND 4T NO 8,2026-03-30,,91.5,,JHB,18.4523,forklift,
MANHAND 4T NO 8,2026-04-09,,81.7,,JHB,25.9623,forklift,
MANHAND 4T NO 8,2026-04-16,,66.8,,JHB,25.9623,forklift,
MANHAND 4T NO 8,2026-04-29,,96.0,,JHB,25.9623,forklift,
MANHAND 4T NO 8,2026-05-12,,85.0,,JHB,25.9623,forklift,
MANHAND 4T NO 8,2026-05-25,,86.1,,JHB,25.9623,forklift,
MANHAND 4T NO 8,2026-06-02,,85.2,,JHB,28.6097,forklift,
YCZ 633 GP,2026-01-09,570394,20.9,206,JHB,18.3723,truck,
YCZ 633 GP,2026-01-26,570854,40.7,460,JHB,18.3723,truck,
YCZ 633 GP,2026-02-06,571288,39.7,434,JHB,17.8023,truck,
YCZ 633 GP,2026-02-23,571847,51.7,559,JHB,17.8023,truck,
YCZ 633 GP,2026-03-05,572208,33.9,361,JHB,18.4523,truck,
YCZ 633 GP,2026-03-19,572750,49.5,542,JHB,18.4523,truck,
YCZ 633 GP,2026-03-30,573145,36.2,395,JHB,18.4523,truck,
YCZ 633 GP,2026-04-14,573688,50.0,543,JHB,25.9623,truck,
YCZ 633 GP,2026-04-24,574200,45.9,512,JHB,25.9623,truck,
YCZ 633 GP,2026-05-06,574558,36.6,358,JHB,25.9623,truck,
YCZ 633 GP,2026-05-15,574995,43.6,437,JHB,25.9623,truck,
YCZ 633 GP,2026-05-27,575424,39.5,429,JHB,25.9623,truck,
YCZ 633 GP,2026-06-05,575819,37.6,395,JHB,28.6097,truck,
